kick, snar, hcls, hopn, ltom, mtom, htom, cras, ride, bpm, tsig, bar_pos, tau_d, tau_g
0.0, 120.0, 0.0, 0.0, 0.0, 0.0, 0.0, 0.0, 0.0, 0.0, 0.15625, 0.0, 0.0, 0.0, 0.0, 0.0, 0.0, 0.0, 50.0, 1.0, 0.75
0.0, 0.0, 0.0, 0.0, 0.0, 0.0, 95.0, 0.0, 0.0, 0.0, 0.0, 0.0, 0.0, 0.0, 0.0, 0.15625, 0.0, 0.0, 50.0, 1.0, 0.8333333134651184
0.0, 0.0, 0.0, 0.0, 79.0, 0.0, 0.0, 0.0, 0.0, 0.0, 0.0, 0.0, 0.0, 0.0520833320915699, 0.0, 0.0, 0.0, 0.0, 50.0, 1.0, 0.9166666865348816
116.0, 0.0, 0.0, 0.0, 0.0, 0.0, 0.0, 66.0, 57.0, 0.5208333134651184, 0.0, 0.0, 0.0, 0.0, 0.0, 0.0, 0.9895833134651184, 1.09375, 50.0, 1.0, 1.0
0.0, 0.0, 42.0, 0.0, 0.0, 0.0, 0.0, 0.0, 0.0, 0.0, 0.0, 0.46875, 0.0, 0.0, 0.0, 0.0, 0.0, 0.0, 50.0, 1.0, 1.0833333730697632
0.0, 0.0, 46.0, 0.0, 0.0, 0.0, 0.0, 0.0, 0.0, 0.0, 0.0, 0.625, 0.0, 0.0, 0.0, 0.0, 0.0, 0.0, 50.0, 1.0, 1.1666666269302368
0.0, 127.0, 65.0, 0.0, 0.0, 0.0, 0.0, 0.0, 0.0, 0.0, 0.625, 0.8333333134651184, 0.0, 0.0, 0.0, 0.0, 0.0, 0.0, 50.0, 1.0, 1.25
0.0, 0.0, 62.0, 0.0, 0.0, 0.0, 0.0, 0.0, 0.0, 0.0, 0.0, 0.8854166865348816, 0.0, 0.0, 0.0, 0.0, 0.0, 0.0, 50.0, 1.0, 1.3333333730697632
0.0, 0.0, 63.0, 0.0, 0.0, 0.0, 0.0, 0.0, 0.0, 0.0, 0.0, 0.5729166865348816, 0.0, 0.0, 0.0, 0.0, 0.0, 0.0, 50.0, 1.0, 1.4166666269302368
108.0, 0.0, 67.0, 0.0, 0.0, 0.0, 0.0, 0.0, 0.0, 0.46875, 0.0, 0.5208333134651184, 0.0, 0.0, 0.0, 0.0, 0.0, 0.0, 50.0, 1.0, 1.5
0.0, 0.0, 60.0, 0.0, 0.0, 0.0, 0.0, 0.0, 0.0, 0.0, 0.0, 0.6770833134651184, 0.0, 0.0, 0.0, 0.0, 0.0, 0.0, 50.0, 1.0, 1.5833333730697632
0.0, 0.0, 69.0, 0.0, 0.0, 0.0, 0.0, 0.0, 0.0, 0.0, 0.0, 0.78125, 0.0, 0.0, 0.0, 0.0, 0.0, 0.0, 50.0, 1.0, 1.6666666269302368
0.0, 127.0, 62.0, 0.0, 0.0, 0.0, 0.0, 0.0, 0.0, 0.0, 0.7291666865348816, 1.25, 0.0, 0.0, 0.0, 0.0, 0.0, 0.0, 50.0, 1.0, 1.75
0.0, 0.0, 54.0, 0.0, 0.0, 0.0, 0.0, 0.0, 0.0, 0.0, 0.0, 1.0416666269302368, 0.0, 0.0, 0.0, 0.0, 0.0, 0.0, 50.0, 1.0, 1.8333333730697632
0.0, 0.0, 53.0, 0.0, 0.0, 0.0, 0.0, 0.0, 0.0, 0.0, 0.0, 0.46875, 0.0, 0.0, 0.0, 0.0, 0.0, 0.0, 50.0, 1.0, 1.9166666269302368
83.0, 0.0, 57.0, 0.0, 0.0, 0.0, 0.0, 0.0, 0.0, 0.2083333283662796, 0.0, 0.8333333134651184, 0.0, 0.0, 0.0, 0.0, 0.0, 0.0, 50.0, 1.0, 2.0
0.0, 0.0, 60.0, 0.0, 0.0, 0.0, 0.0, 0.0, 0.0, 0.0, 0.0, 0.46875, 0.0, 0.0, 0.0, 0.0, 0.0, 0.0, 50.0, 1.0, 2.0833332538604736
0.0, 0.0, 63.0, 0.0, 0.0, 0.0, 0.0, 0.0, 0.0, 0.0, 0.0, 0.2083333283662796, 0.0, 0.0, 0.0, 0.0, 0.0, 0.0, 50.0, 1.0, 2.1666667461395264
0.0, 125.0, 57.0, 0.0, 0.0, 0.0, 0.0, 0.0, 0.0, 0.0, 0.46875, 0.6770833134651184, 0.0, 0.0, 0.0, 0.0, 0.0, 0.0, 50.0, 1.0, 2.25
0.0, 0.0, 56.0, 0.0, 0.0, 0.0, 0.0, 0.0, 0.0, 0.0, 0.0, 0.625, 0.0, 0.0, 0.0, 0.0, 0.0, 0.0, 50.0, 1.0, 2.3333332538604736
0.0, 0.0, 54.0, 0.0, 0.0, 0.0, 0.0, 0.0, 0.0, 0.0, 0.0, 0.4166666567325592, 0.0, 0.0, 0.0, 0.0, 0.0, 0.0, 50.0, 1.0, 2.4166667461395264
104.0, 0.0, 47.0, 0.0, 0.0, 0.0, 0.0, 0.0, 0.0, 0.1041666641831398, 0.0, 0.6770833134651184, 0.0, 0.0, 0.0, 0.0, 0.0, 0.0, 50.0, 1.0, 2.5
0.0, 0.0, 59.0, 0.0, 0.0, 0.0, 0.0, 0.0, 0.0, 0.0, 0.0, 0.8854166865348816, 0.0, 0.0, 0.0, 0.0, 0.0, 0.0, 50.0, 1.0, 2.5833332538604736
0.0, 0.0, 67.0, 0.0, 0.0, 0.0, 0.0, 0.0, 0.0, 0.0, 0.0, 0.625, 0.0, 0.0, 0.0, 0.0, 0.0, 0.0, 50.0, 1.0, 2.6666667461395264
0.0, 127.0, 62.0, 0.0, 0.0, 0.0, 0.0, 0.0, 0.0, 0.0, 0.6770833134651184, 1.1458333730697632, 0.0, 0.0, 0.0, 0.0, 0.0, 0.0, 50.0, 1.0, 2.75
0.0, 0.0, 58.0, 0.0, 0.0, 0.0, 0.0, 0.0, 0.0, 0.0, 0.0, 0.8333333134651184, 0.0, 0.0, 0.0, 0.0, 0.0, 0.0, 50.0, 1.0, 2.8333332538604736
0.0, 0.0, 66.0, 0.0, 0.0, 0.0, 0.0, 0.0, 0.0, 0.0, 0.0, 0.5208333134651184, 0.0, 0.0, 0.0, 0.0, 0.0, 0.0, 50.0, 1.0, 2.9166667461395264
87.0, 0.0, 68.0, 0.0, 0.0, 0.0, 0.0, 0.0, 0.0, 0.3125, 0.0, 0.3125, 0.0, 0.0, 0.0, 0.0, 0.0, 0.0, 50.0, 1.0, 3.0
0.0, 0.0, 61.0, 0.0, 0.0, 0.0, 0.0, 0.0, 0.0, 0.0, 0.0, 0.2083333283662796, 0.0, 0.0, 0.0, 0.0, 0.0, 0.0, 50.0, 1.0, 3.0833332538604736
0.0, 0.0, 75.0, 0.0, 0.0, 0.0, 0.0, 0.0, 0.0, 0.0, 0.0, 0.3645833432674408, 0.0, 0.0, 0.0, 0.0, 0.0, 0.0, 50.0, 1.0, 3.1666667461395264
0.0, 126.0, 76.0, 0.0, 0.0, 0.0, 0.0, 0.0, 0.0, 0.0, 0.46875, 0.625, 0.0, 0.0, 0.0, 0.0, 0.0, 0.0, 50.0, 1.0, 3.25
0.0, 0.0, 73.0, 0.0, 0.0, 0.0, 0.0, 0.0, 0.0, 0.0, 0.0, 0.5208333134651184, 0.0, 0.0, 0.0, 0.0, 0.0, 0.0, 50.0, 1.0, 3.3333332538604736
0.0, 0.0, 72.0, 0.0, 0.0, 0.0, 0.0, 0.0, 0.0, 0.0, 0.0, 0.2083333283662796, 0.0, 0.0, 0.0, 0.0, 0.0, 0.0, 50.0, 1.0, 3.4166667461395264
78.0, 0.0, 64.0, 0.0, 0.0, 0.0, 0.0, 0.0, 0.0, 0.2604166567325592, 0.0, 0.4166666567325592, 0.0, 0.0, 0.0, 0.0, 0.0, 0.0, 50.0, 1.0, 3.5
0.0, 0.0, 71.0, 0.0, 0.0, 0.0, 0.0, 0.0, 0.0, 0.0, 0.0, 0.3125, 0.0, 0.0, 0.0, 0.0, 0.0, 0.0, 50.0, 1.0, 3.5833332538604736
0.0, 0.0, 61.0, 0.0, 0.0, 0.0, 0.0, 0.0, 0.0, 0.0, 0.0, 0.3125, 0.0, 0.0, 0.0, 0.0, 0.0, 0.0, 50.0, 1.0, 3.6666667461395264
0.0, 127.0, 79.0, 0.0, 0.0, 0.0, 0.0, 0.0, 0.0, 0.0, 0.2604166567325592, 0.6770833134651184, 0.0, 0.0, 0.0, 0.0, 0.0, 0.0, 50.0, 1.0, 3.75
0.0, 12.0, 0.0, 0.0, 0.0, 0.0, 0.0, 0.0, 0.0, 0.0, -0.5208333134651184, 0.0, 0.0, 0.0, 0.0, 0.0, 0.0, 0.0, 50.0, 1.0, 3.7916667461395264
0.0, 0.0, 62.0, 0.0, 0.0, 0.0, 0.0, 0.0, 0.0, 0.0, 0.0, 0.4166666567325592, 0.0, 0.0, 0.0, 0.0, 0.0, 0.0, 50.0, 1.0, 3.8333332538604736
73.0, 0.0, 63.0, 0.0, 0.0, 0.0, 0.0, 0.0, 0.0, -0.0520833320915699, 0.0, 0.5208333134651184, 0.0, 0.0, 0.0, 0.0, 0.0, 0.0, 50.0, 1.0, 3.9166667461395264
116.0, 0.0, 88.0, 0.0, 0.0, 0.0, 0.0, 0.0, 0.0, 0.2604166567325592, 0.0, 0.4166666567325592, 0.0, 0.0, 0.0, 0.0, 0.0, 0.0, 50.0, 1.0, 4.0
0.0, 0.0, 62.0, 0.0, 0.0, 0.0, 0.0, 0.0, 0.0, 0.0, 0.0, 0.5208333134651184, 0.0, 0.0, 0.0, 0.0, 0.0, 0.0, 50.0, 1.0, 4.083333492279053
0.0, 0.0, 74.0, 0.0, 0.0, 0.0, 0.0, 0.0, 0.0, 0.0, 0.0, 0.15625, 0.0, 0.0, 0.0, 0.0, 0.0, 0.0, 50.0, 1.0, 4.166666507720947
0.0, 113.0, 69.0, 0.0, 0.0, 0.0, 0.0, 0.0, 0.0, 0.0, 0.15625, 0.4166666567325592, 0.0, 0.0, 0.0, 0.0, 0.0, 0.0, 50.0, 1.0, 4.25
0.0, 0.0, 71.0, 0.0, 0.0, 0.0, 0.0, 0.0, 0.0, 0.0, 0.0, 0.4166666567325592, 0.0, 0.0, 0.0, 0.0, 0.0, 0.0, 50.0, 1.0, 4.333333492279053
0.0, 0.0, 91.0, 0.0, 0.0, 0.0, 0.0, 0.0, 0.0, 0.0, 0.0, 0.1041666641831398, 0.0, 0.0, 0.0, 0.0, 0.0, 0.0, 50.0, 1.0, 4.416666507720947
96.0, 0.0, 70.0, 0.0, 0.0, 0.0, 0.0, 0.0, 0.0, -0.2604166567325592, 0.0, 0.15625, 0.0, 0.0, 0.0, 0.0, 0.0, 0.0, 50.0, 1.0, 4.5
0.0, 0.0, 68.0, 0.0, 0.0, 0.0, 0.0, 0.0, 0.0, 0.0, 0.0, 0.15625, 0.0, 0.0, 0.0, 0.0, 0.0, 0.0, 50.0, 1.0, 4.583333492279053
0.0, 0.0, 78.0, 0.0, 0.0, 0.0, 0.0, 0.0, 0.0, 0.0, 0.0, 0.1041666641831398, 0.0, 0.0, 0.0, 0.0, 0.0, 0.0, 50.0, 1.0, 4.666666507720947
0.0, 127.0, 86.0, 0.0, 0.0, 0.0, 0.0, 0.0, 0.0, 0.0, 0.0520833320915699, 0.4166666567325592, 0.0, 0.0, 0.0, 0.0, 0.0, 0.0, 50.0, 1.0, 4.75
0.0, 0.0, 60.0, 0.0, 0.0, 0.0, 0.0, 0.0, 0.0, 0.0, 0.0, -0.15625, 0.0, 0.0, 0.0, 0.0, 0.0, 0.0, 50.0, 1.0, 4.833333492279053
0.0, 0.0, 0.0, 108.0, 0.0, 0.0, 0.0, 0.0, 0.0, 0.0, 0.0, 0.0, -0.0520833320915699, 0.0, 0.0, 0.0, 0.0, 0.0, 50.0, 1.0, 4.916666507720947
95.0, 0.0, 48.0, 0.0, 0.0, 0.0, 0.0, 0.0, 0.0, 0.3645833432674408, 0.0, 0.7291666865348816, 0.0, 0.0, 0.0, 0.0, 0.0, 0.0, 50.0, 1.0, 5.0
0.0, 0.0, 50.0, 0.0, 0.0, 0.0, 0.0, 0.0, 0.0, 0.0, 0.0, 0.46875, 0.0, 0.0, 0.0, 0.0, 0.0, 0.0, 50.0, 1.0, 5.083333492279053
0.0, 0.0, 65.0, 0.0, 0.0, 0.0, 0.0, 0.0, 0.0, 0.0, 0.0, 0.2083333283662796, 0.0, 0.0, 0.0, 0.0, 0.0, 0.0, 50.0, 1.0, 5.166666507720947
0.0, 127.0, 79.0, 0.0, 0.0, 0.0, 0.0, 0.0, 0.0, 0.0, 0.5729166865348816, 0.7291666865348816, 0.0, 0.0, 0.0, 0.0, 0.0, 0.0, 50.0, 1.0, 5.25
0.0, 0.0, 54.0, 0.0, 0.0, 0.0, 0.0, 0.0, 0.0, 0.0, 0.0, 0.78125, 0.0, 0.0, 0.0, 0.0, 0.0, 0.0, 50.0, 1.0, 5.333333492279053
0.0, 0.0, 65.0, 0.0, 0.0, 0.0, 0.0, 0.0, 0.0, 0.0, 0.0, 0.46875, 0.0, 0.0, 0.0, 0.0, 0.0, 0.0, 50.0, 1.0, 5.416666507720947
127.0, 0.0, 63.0, 0.0, 0.0, 0.0, 0.0, 0.0, 0.0, -0.0520833320915699, 0.0, 0.5729166865348816, 0.0, 0.0, 0.0, 0.0, 0.0, 0.0, 50.0, 1.0, 5.5
0.0, 0.0, 57.0, 0.0, 0.0, 0.0, 0.0, 0.0, 0.0, 0.0, 0.0, 0.4166666567325592, 0.0, 0.0, 0.0, 0.0, 0.0, 0.0, 50.0, 1.0, 5.583333492279053
0.0, 0.0, 53.0, 0.0, 0.0, 0.0, 0.0, 0.0, 0.0, 0.0, 0.0, 0.2083333283662796, 0.0, 0.0, 0.0, 0.0, 0.0, 0.0, 50.0, 1.0, 5.666666507720947
0.0, 127.0, 82.0, 0.0, 0.0, 0.0, 0.0, 0.0, 0.0, 0.0, 0.2083333283662796, 0.6770833134651184, 0.0, 0.0, 0.0, 0.0, 0.0, 0.0, 50.0, 1.0, 5.75
0.0, 0.0, 45.0, 0.0, 0.0, 0.0, 0.0, 0.0, 0.0, 0.0, 0.0, -0.2604166567325592, 0.0, 0.0, 0.0, 0.0, 0.0, 0.0, 50.0, 1.0, 5.833333492279053
0.0, 0.0, 0.0, 120.0, 0.0, 0.0, 0.0, 0.0, 0.0, 0.0, 0.0, 0.0, -0.15625, 0.0, 0.0, 0.0, 0.0, 0.0, 50.0, 1.0, 5.916666507720947
124.0, 0.0, 40.0, 0.0, 0.0, 0.0, 0.0, 0.0, 0.0, -0.2083333283662796, 0.0, 0.5729166865348816, 0.0, 0.0, 0.0, 0.0, 0.0, 0.0, 50.0, 1.0, 6.0
0.0, 0.0, 44.0, 0.0, 0.0, 0.0, 0.0, 0.0, 0.0, 0.0, 0.0, 0.2083333283662796, 0.0, 0.0, 0.0, 0.0, 0.0, 0.0, 50.0, 1.0, 6.083333492279053
0.0, 0.0, 67.0, 0.0, 0.0, 0.0, 0.0, 0.0, 0.0, 0.0, 0.0, -0.0520833320915699, 0.0, 0.0, 0.0, 0.0, 0.0, 0.0, 50.0, 1.0, 6.166666507720947
0.0, 127.0, 94.0, 0.0, 0.0, 0.0, 0.0, 0.0, 0.0, 0.0, 0.3125, 0.3125, 0.0, 0.0, 0.0, 0.0, 0.0, 0.0, 50.0, 1.0, 6.25
0.0, 0.0, 64.0, 0.0, 0.0, 0.0, 0.0, 0.0, 0.0, 0.0, 0.0, 0.4166666567325592, 0.0, 0.0, 0.0, 0.0, 0.0, 0.0, 50.0, 1.0, 6.333333492279053
0.0, 0.0, 56.0, 0.0, 0.0, 0.0, 0.0, 0.0, 0.0, 0.0, 0.0, 0.3125, 0.0, 0.0, 0.0, 0.0, 0.0, 0.0, 50.0, 1.0, 6.416666507720947
111.0, 0.0, 76.0, 0.0, 0.0, 0.0, 0.0, 0.0, 0.0, -0.2083333283662796, 0.0, 0.2604166567325592, 0.0, 0.0, 0.0, 0.0, 0.0, 0.0, 50.0, 1.0, 6.5
0.0, 0.0, 56.0, 0.0, 0.0, 0.0, 0.0, 0.0, 0.0, 0.0, 0.0, -0.1041666641831398, 0.0, 0.0, 0.0, 0.0, 0.0, 0.0, 50.0, 1.0, 6.583333492279053
0.0, 0.0, 60.0, 0.0, 0.0, 0.0, 0.0, 0.0, 0.0, 0.0, 0.0, -0.15625, 0.0, 0.0, 0.0, 0.0, 0.0, 0.0, 50.0, 1.0, 6.666666507720947
0.0, 127.0, 69.0, 0.0, 0.0, 0.0, 0.0, 0.0, 0.0, 0.0, -0.3645833432674408, 0.1041666641831398, 0.0, 0.0, 0.0, 0.0, 0.0, 0.0, 50.0, 1.0, 6.75
0.0, 0.0, 36.0, 0.0, 0.0, 0.0, 0.0, 0.0, 0.0, 0.0, 0.0, -0.46875, 0.0, 0.0, 0.0, 0.0, 0.0, 0.0, 50.0, 1.0, 6.833333492279053
0.0, 0.0, 0.0, 86.0, 0.0, 0.0, 0.0, 0.0, 0.0, 0.0, 0.0, 0.0, -0.2604166567325592, 0.0, 0.0, 0.0, 0.0, 0.0, 50.0, 1.0, 6.916666507720947
127.0, 0.0, 44.0, 0.0, 0.0, 0.0, 0.0, 0.0, 0.0, 0.0, 0.0, 0.46875, 0.0, 0.0, 0.0, 0.0, 0.0, 0.0, 50.0, 1.0, 7.0
0.0, 0.0, 64.0, 0.0, 0.0, 0.0, 0.0, 0.0, 0.0, 0.0, 0.0, 0.4166666567325592, 0.0, 0.0, 0.0, 0.0, 0.0, 0.0, 50.0, 1.0, 7.083333492279053
0.0, 0.0, 67.0, 0.0, 0.0, 0.0, 0.0, 0.0, 0.0, 0.0, 0.0, 0.625, 0.0, 0.0, 0.0, 0.0, 0.0, 0.0, 50.0, 1.0, 7.166666507720947
0.0, 127.0, 96.0, 0.0, 0.0, 0.0, 0.0, 0.0, 0.0, 0.0, 0.3645833432674408, 0.7291666865348816, 0.0, 0.0, 0.0, 0.0, 0.0, 0.0, 50.0, 1.0, 7.25
0.0, 0.0, 61.0, 0.0, 0.0, 0.0, 0.0, 0.0, 0.0, 0.0, 0.0, 0.8333333134651184, 0.0, 0.0, 0.0, 0.0, 0.0, 0.0, 50.0, 1.0, 7.333333492279053
0.0, 0.0, 62.0, 0.0, 0.0, 0.0, 0.0, 0.0, 0.0, 0.0, 0.0, 0.1041666641831398, 0.0, 0.0, 0.0, 0.0, 0.0, 0.0, 50.0, 1.0, 7.416666507720947
102.0, 0.0, 65.0, 0.0, 0.0, 0.0, 0.0, 0.0, 0.0, -0.3645833432674408, 0.0, 0.1041666641831398, 0.0, 0.0, 0.0, 0.0, 0.0, 0.0, 50.0, 1.0, 7.5
0.0, 0.0, 85.0, 0.0, 0.0, 0.0, 0.0, 0.0, 0.0, 0.0, 0.0, 0.3125, 0.0, 0.0, 0.0, 0.0, 0.0, 0.0, 50.0, 1.0, 7.583333492279053
0.0, 0.0, 85.0, 0.0, 0.0, 0.0, 0.0, 0.0, 0.0, 0.0, 0.0, 0.3645833432674408, 0.0, 0.0, 0.0, 0.0, 0.0, 0.0, 50.0, 1.0, 7.666666507720947
0.0, 87.0, 86.0, 0.0, 0.0, 0.0, 0.0, 0.0, 0.0, 0.0, 1.0416666269302368, 0.7291666865348816, 0.0, 0.0, 0.0, 0.0, 0.0, 0.0, 50.0, 1.0, 7.75
0.0, 0.0, 61.0, 0.0, 0.0, 0.0, 0.0, 0.0, 0.0, 0.0, 0.0, 0.6770833134651184, 0.0, 0.0, 0.0, 0.0, 0.0, 0.0, 50.0, 1.0, 7.833333492279053
0.0, 0.0, 0.0, 112.0, 0.0, 0.0, 0.0, 0.0, 0.0, 0.0, 0.0, 0.0, 0.3125, 0.0, 0.0, 0.0, 0.0, 0.0, 50.0, 1.0, 7.916666507720947
124.0, 0.0, 52.0, 0.0, 0.0, 0.0, 0.0, 0.0, 0.0, 0.1041666641831398, 0.0, 0.625, 0.0, 0.0, 0.0, 0.0, 0.0, 0.0, 50.0, 1.0, 8.0
0.0, 0.0, 60.0, 0.0, 0.0, 0.0, 0.0, 0.0, 0.0, 0.0, 0.0, 0.625, 0.0, 0.0, 0.0, 0.0, 0.0, 0.0, 50.0, 1.0, 8.083333015441895
0.0, 0.0, 61.0, 0.0, 0.0, 0.0, 0.0, 0.0, 0.0, 0.0, 0.0, 0.5729166865348816, 0.0, 0.0, 0.0, 0.0, 0.0, 0.0, 50.0, 1.0, 8.166666984558105
0.0, 124.0, 64.0, 0.0, 0.0, 0.0, 0.0, 0.0, 0.0, 0.0, 0.3125, 0.6770833134651184, 0.0, 0.0, 0.0, 0.0, 0.0, 0.0, 50.0, 1.0, 8.25
0.0, 0.0, 58.0, 0.0, 0.0, 0.0, 0.0, 0.0, 0.0, 0.0, 0.0, 0.46875, 0.0, 0.0, 0.0, 0.0, 0.0, 0.0, 50.0, 1.0, 8.333333015441895
0.0, 0.0, 55.0, 0.0, 0.0, 0.0, 0.0, 0.0, 0.0, 0.0, 0.0, 0.15625, 0.0, 0.0, 0.0, 0.0, 0.0, 0.0, 50.0, 1.0, 8.416666984558105
112.0, 0.0, 53.0, 0.0, 0.0, 0.0, 0.0, 0.0, 0.0, -0.15625, 0.0, 0.2604166567325592, 0.0, 0.0, 0.0, 0.0, 0.0, 0.0, 50.0, 1.0, 8.5
0.0, 0.0, 58.0, 0.0, 0.0, 0.0, 0.0, 0.0, 0.0, 0.0, 0.0, 0.1041666641831398, 0.0, 0.0, 0.0, 0.0, 0.0, 0.0, 50.0, 1.0, 8.583333015441895
0.0, 0.0, 63.0, 0.0, 0.0, 0.0, 0.0, 0.0, 0.0, 0.0, 0.0, -0.1041666641831398, 0.0, 0.0, 0.0, 0.0, 0.0, 0.0, 50.0, 1.0, 8.666666984558105
0.0, 126.0, 86.0, 0.0, 0.0, 0.0, 0.0, 0.0, 0.0, 0.0, -0.0520833320915699, 0.0520833320915699, 0.0, 0.0, 0.0, 0.0, 0.0, 0.0, 50.0, 1.0, 8.75
0.0, 0.0, 59.0, 0.0, 0.0, 0.0, 0.0, 0.0, 0.0, 0.0, 0.0, -0.2083333283662796, 0.0, 0.0, 0.0, 0.0, 0.0, 0.0, 50.0, 1.0, 8.833333015441895
0.0, 0.0, 0.0, 102.0, 0.0, 0.0, 0.0, 0.0, 0.0, 0.0, 0.0, 0.0, -0.3645833432674408, 0.0, 0.0, 0.0, 0.0, 0.0, 50.0, 1.0, 8.916666984558105
127.0, 0.0, 61.0, 0.0, 0.0, 0.0, 0.0, 0.0, 0.0, -0.625, 0.0, 1.7763568394002505e-13, 0.0, 0.0, 0.0, 0.0, 0.0, 0.0, 50.0, 1.0, 9.0
0.0, 0.0, 76.0, 0.0, 0.0, 0.0, 0.0, 0.0, 0.0, 0.0, 0.0, 0.1041666641831398, 0.0, 0.0, 0.0, 0.0, 0.0, 0.0, 50.0, 1.0, 9.083333015441895
0.0, 0.0, 62.0, 0.0, 0.0, 0.0, 0.0, 0.0, 0.0, 0.0, 0.0, 0.1041666641831398, 0.0, 0.0, 0.0, 0.0, 0.0, 0.0, 50.0, 1.0, 9.166666984558105
0.0, 127.0, 81.0, 0.0, 0.0, 0.0, 0.0, 0.0, 0.0, 0.0, 0.15625, 0.3645833432674408, 0.0, 0.0, 0.0, 0.0, 0.0, 0.0, 50.0, 1.0, 9.25
0.0, 0.0, 84.0, 0.0, 0.0, 0.0, 0.0, 0.0, 0.0, 0.0, 0.0, 0.6770833134651184, 0.0, 0.0, 0.0, 0.0, 0.0, 0.0, 50.0, 1.0, 9.333333015441895
67.0, 0.0, 57.0, 0.0, 0.0, 0.0, 0.0, 0.0, 0.0, 0.15625, 0.0, 0.5208333134651184, 0.0, 0.0, 0.0, 0.0, 0.0, 0.0, 50.0, 1.0, 9.416666984558105
127.0, 0.0, 66.0, 0.0, 0.0, 0.0, 0.0, 0.0, 0.0, 0.625, 0.0, 0.9895833134651184, 0.0, 0.0, 0.0, 0.0, 0.0, 0.0, 50.0, 1.0, 9.5
0.0, 0.0, 73.0, 0.0, 0.0, 0.0, 0.0, 0.0, 0.0, 0.0, 0.0, 0.5208333134651184, 0.0, 0.0, 0.0, 0.0, 0.0, 0.0, 50.0, 1.0, 9.583333015441895
0.0, 0.0, 62.0, 0.0, 0.0, 0.0, 0.0, 0.0, 0.0, 0.0, 0.0, 0.3645833432674408, 0.0, 0.0, 0.0, 0.0, 0.0, 0.0, 50.0, 1.0, 9.666666984558105
0.0, 127.0, 90.0, 0.0, 0.0, 0.0, 0.0, 0.0, 0.0, 0.0, -0.1041666641831398, 0.2083333283662796, 0.0, 0.0, 0.0, 0.0, 0.0, 0.0, 50.0, 1.0, 9.75
0.0, 0.0, 53.0, 0.0, 0.0, 0.0, 0.0, 0.0, 0.0, 0.0, 0.0, 0.15625, 0.0, 0.0, 0.0, 0.0, 0.0, 0.0, 50.0, 1.0, 9.833333015441895
0.0, 0.0, 0.0, 94.0, 0.0, 0.0, 0.0, 0.0, 0.0, 0.0, 0.0, 0.0, -0.3125, 0.0, 0.0, 0.0, 0.0, 0.0, 50.0, 1.0, 9.916666984558105
127.0, 0.0, 60.0, 0.0, 0.0, 0.0, 0.0, 0.0, 0.0, -0.2083333283662796, 0.0, 0.3125, 0.0, 0.0, 0.0, 0.0, 0.0, 0.0, 50.0, 1.0, 10.0
0.0, 0.0, 57.0, 0.0, 0.0, 0.0, 0.0, 0.0, 0.0, 0.0, 0.0, 0.5208333134651184, 0.0, 0.0, 0.0, 0.0, 0.0, 0.0, 50.0, 1.0, 10.083333015441895
0.0, 0.0, 73.0, 0.0, 0.0, 0.0, 0.0, 0.0, 0.0, 0.0, 0.0, 0.3125, 0.0, 0.0, 0.0, 0.0, 0.0, 0.0, 50.0, 1.0, 10.166666984558105
0.0, 109.0, 72.0, 0.0, 0.0, 0.0, 0.0, 0.0, 0.0, 0.0, 0.3125, 0.7291666865348816, 0.0, 0.0, 0.0, 0.0, 0.0, 0.0, 50.0, 1.0, 10.25
0.0, 0.0, 73.0, 0.0, 0.0, 0.0, 0.0, 0.0, 0.0, 0.0, 0.0, 0.46875, 0.0, 0.0, 0.0, 0.0, 0.0, 0.0, 50.0, 1.0, 10.333333015441895
92.0, 0.0, 75.0, 0.0, 0.0, 0.0, 0.0, 0.0, 0.0, 1.1842378477584098e-13, 0.0, 0.3645833432674408, 0.0, 0.0, 0.0, 0.0, 0.0, 0.0, 50.0, 1.0, 10.416666984558105
127.0, 0.0, 71.0, 0.0, 0.0, 0.0, 0.0, 0.0, 0.0, 0.1041666641831398, 0.0, 0.5729166865348816, 0.0, 0.0, 0.0, 0.0, 0.0, 0.0, 50.0, 1.0, 10.5
0.0, 0.0, 67.0, 0.0, 0.0, 0.0, 0.0, 0.0, 0.0, 0.0, 0.0, 0.3125, 0.0, 0.0, 0.0, 0.0, 0.0, 0.0, 50.0, 1.0, 10.583333015441895
0.0, 0.0, 87.0, 0.0, 0.0, 0.0, 0.0, 0.0, 0.0, 0.0, 0.0, 0.2083333283662796, 0.0, 0.0, 0.0, 0.0, 0.0, 0.0, 50.0, 1.0, 10.666666984558105
0.0, 114.0, 75.0, 0.0, 0.0, 0.0, 0.0, 0.0, 0.0, 0.0, 0.3125, 0.5729166865348816, 0.0, 0.0, 0.0, 0.0, 0.0, 0.0, 50.0, 1.0, 10.75
0.0, 0.0, 68.0, 0.0, 0.0, 0.0, 0.0, 0.0, 0.0, 0.0, 0.0, 0.5729166865348816, 0.0, 0.0, 0.0, 0.0, 0.0, 0.0, 50.0, 1.0, 10.833333015441895
0.0, 0.0, 0.0, 78.0, 0.0, 0.0, 0.0, 0.0, 0.0, 0.0, 0.0, 0.0, 0.3645833432674408, 0.0, 0.0, 0.0, 0.0, 0.0, 50.0, 1.0, 10.916666984558105
127.0, 0.0, 61.0, 0.0, 0.0, 0.0, 0.0, 0.0, 0.0, 0.4166666567325592, 0.0, 0.8333333134651184, 0.0, 0.0, 0.0, 0.0, 0.0, 0.0, 50.0, 1.0, 11.0
0.0, 0.0, 67.0, 0.0, 0.0, 0.0, 0.0, 0.0, 0.0, 0.0, 0.0, 0.15625, 0.0, 0.0, 0.0, 0.0, 0.0, 0.0, 50.0, 1.0, 11.083333015441895
0.0, 0.0, 80.0, 0.0, 0.0, 0.0, 0.0, 0.0, 0.0, 0.0, 0.0, 0.1041666641831398, 0.0, 0.0, 0.0, 0.0, 0.0, 0.0, 50.0, 1.0, 11.166666984558105
0.0, 127.0, 92.0, 0.0, 0.0, 0.0, 0.0, 0.0, 0.0, 0.0, 0.2083333283662796, 0.3645833432674408, 0.0, 0.0, 0.0, 0.0, 0.0, 0.0, 50.0, 1.0, 11.25
0.0, 0.0, 102.0, 0.0, 0.0, 0.0, 0.0, 0.0, 0.0, 0.0, 0.0, 0.46875, 0.0, 0.0, 0.0, 0.0, 0.0, 0.0, 50.0, 1.0, 11.333333015441895
78.0, 0.0, 77.0, 0.0, 0.0, 0.0, 0.0, 0.0, 0.0, -0.3645833432674408, 0.0, 0.2083333283662796, 0.0, 0.0, 0.0, 0.0, 0.0, 0.0, 50.0, 1.0, 11.416666984558105
110.0, 0.0, 76.0, 0.0, 0.0, 0.0, 0.0, 0.0, 0.0, 0.2604166567325592, 0.0, 0.2604166567325592, 0.0, 0.0, 0.0, 0.0, 0.0, 0.0, 50.0, 1.0, 11.5
0.0, 0.0, 73.0, 0.0, 0.0, 0.0, 0.0, 0.0, 0.0, 0.0, 0.0, 0.3125, 0.0, 0.0, 0.0, 0.0, 0.0, 0.0, 50.0, 1.0, 11.583333015441895
0.0, 0.0, 60.0, 0.0, 0.0, 0.0, 0.0, 0.0, 0.0, 0.0, 0.0, 2.3684756955168196e-13, 0.0, 0.0, 0.0, 0.0, 0.0, 0.0, 50.0, 1.0, 11.666666984558105
0.0, 127.0, 64.0, 0.0, 0.0, 0.0, 0.0, 0.0, 0.0, 0.0, 1.7763568394002505e-13, 0.3645833432674408, 0.0, 0.0, 0.0, 0.0, 0.0, 0.0, 50.0, 1.0, 11.75
0.0, 0.0, 32.0, 0.0, 0.0, 0.0, 0.0, 0.0, 0.0, 0.0, 0.0, 0.0520833320915699, 0.0, 0.0, 0.0, 0.0, 0.0, 0.0, 50.0, 1.0, 11.833333015441895
0.0, 0.0, 0.0, 94.0, 0.0, 0.0, 0.0, 0.0, 0.0, 0.0, 0.0, 0.0, -0.15625, 0.0, 0.0, 0.0, 0.0, 0.0, 50.0, 1.0, 11.916666984558105
117.0, 0.0, 48.0, 0.0, 0.0, 0.0, 0.0, 0.0, 0.0, 0.15625, 0.0, 0.4166666567325592, 0.0, 0.0, 0.0, 0.0, 0.0, 0.0, 50.0, 1.0, 12.0
0.0, 0.0, 50.0, 0.0, 0.0, 0.0, 0.0, 0.0, 0.0, 0.0, 0.0, 0.15625, 0.0, 0.0, 0.0, 0.0, 0.0, 0.0, 50.0, 1.0, 12.083333015441895
0.0, 0.0, 56.0, 0.0, 0.0, 0.0, 0.0, 0.0, 0.0, 0.0, 0.0, 0.4166666567325592, 0.0, 0.0, 0.0, 0.0, 0.0, 0.0, 50.0, 1.0, 12.166666984558105
0.0, 127.0, 80.0, 0.0, 0.0, 0.0, 0.0, 0.0, 0.0, 0.0, 0.2604166567325592, 0.5729166865348816, 0.0, 0.0, 0.0, 0.0, 0.0, 0.0, 50.0, 1.0, 12.25
0.0, 0.0, 78.0, 0.0, 0.0, 0.0, 0.0, 0.0, 0.0, 0.0, 0.0, 0.5208333134651184, 0.0, 0.0, 0.0, 0.0, 0.0, 0.0, 50.0, 1.0, 12.333333015441895
79.0, 0.0, 68.0, 0.0, 0.0, 0.0, 0.0, 0.0, 0.0, -0.2083333283662796, 0.0, 0.3645833432674408, 0.0, 0.0, 0.0, 0.0, 0.0, 0.0, 50.0, 1.0, 12.416666984558105
104.0, 0.0, 69.0, 0.0, 0.0, 0.0, 0.0, 0.0, 0.0, 0.15625, 0.0, 0.3125, 0.0, 0.0, 0.0, 0.0, 0.0, 0.0, 50.0, 1.0, 12.5
0.0, 0.0, 60.0, 0.0, 0.0, 0.0, 0.0, 0.0, 0.0, 0.0, 0.0, 0.3125, 0.0, 0.0, 0.0, 0.0, 0.0, 0.0, 50.0, 1.0, 12.583333015441895
0.0, 0.0, 62.0, 0.0, 0.0, 0.0, 0.0, 0.0, 0.0, 0.0, 0.0, 0.46875, 0.0, 0.0, 0.0, 0.0, 0.0, 0.0, 50.0, 1.0, 12.666666984558105
0.0, 127.0, 0.0, 74.0, 0.0, 0.0, 0.0, 0.0, 0.0, 0.0, 0.1041666641831398, 0.0, 0.2604166567325592, 0.0, 0.0, 0.0, 0.0, 0.0, 50.0, 1.0, 12.75
0.0, 0.0, 0.0, 0.0, 0.0, 0.0, 111.0, 0.0, 0.0, 0.0, 0.0, 0.0, 0.0, 0.0, 0.0, -0.3125, 0.0, 0.0, 50.0, 1.0, 12.833333015441895
0.0, 0.0, 25.0, 0.0, 101.0, 0.0, 0.0, 0.0, 0.0, 0.0, 0.0, -0.2604166567325592, 0.0, -0.2604166567325592, 0.0, 0.0, 0.0, 0.0, 50.0, 1.0, 12.916666984558105
127.0, 0.0, 0.0, 0.0, 0.0, 0.0, 0.0, 69.0, 0.0, -0.0520833320915699, 0.0, 0.0, 0.0, 0.0, 0.0, 0.0, 0.46875, 0.0, 50.0, 1.0, 13.0
0.0, 0.0, 33.0, 0.0, 0.0, 0.0, 0.0, 0.0, 0.0, 0.0, 0.0, -0.1041666641831398, 0.0, 0.0, 0.0, 0.0, 0.0, 0.0, 50.0, 1.0, 13.083333015441895
0.0, 0.0, 55.0, 0.0, 0.0, 0.0, 0.0, 0.0, 0.0, 0.0, 0.0, 0.2604166567325592, 0.0, 0.0, 0.0, 0.0, 0.0, 0.0, 50.0, 1.0, 13.166666984558105
0.0, 127.0, 72.0, 0.0, 0.0, 0.0, 0.0, 0.0, 0.0, 0.0, 3.552713678800501e-13, 0.3645833432674408, 0.0, 0.0, 0.0, 0.0, 0.0, 0.0, 50.0, 1.0, 13.25
0.0, 0.0, 58.0, 0.0, 0.0, 0.0, 0.0, 0.0, 0.0, 0.0, 0.0, 0.625, 0.0, 0.0, 0.0, 0.0, 0.0, 0.0, 50.0, 1.0, 13.333333015441895
73.0, 0.0, 38.0, 0.0, 0.0, 0.0, 0.0, 0.0, 0.0, -0.15625, 0.0, 0.5208333134651184, 0.0, 0.0, 0.0, 0.0, 0.0, 0.0, 50.0, 1.0, 13.416666984558105
103.0, 0.0, 60.0, 0.0, 0.0, 0.0, 0.0, 0.0, 0.0, 0.2604166567325592, 0.0, 0.5208333134651184, 0.0, 0.0, 0.0, 0.0, 0.0, 0.0, 50.0, 1.0, 13.5
0.0, 0.0, 38.0, 0.0, 0.0, 0.0, 0.0, 0.0, 0.0, 0.0, 0.0, 0.46875, 0.0, 0.0, 0.0, 0.0, 0.0, 0.0, 50.0, 1.0, 13.583333015441895
0.0, 5.0, 54.0, 0.0, 0.0, 0.0, 0.0, 0.0, 0.0, 0.0, -0.2083333283662796, 0.15625, 0.0, 0.0, 0.0, 0.0, 0.0, 0.0, 50.0, 1.0, 13.666666984558105
0.0, 127.0, 66.0, 0.0, 0.0, 0.0, 0.0, 0.0, 0.0, 0.0, -0.1041666641831398, 0.1041666641831398, 0.0, 0.0, 0.0, 0.0, 0.0, 0.0, 50.0, 1.0, 13.75
0.0, 0.0, 34.0, 0.0, 0.0, 0.0, 0.0, 0.0, 0.0, 0.0, 0.0, -0.1041666641831398, 0.0, 0.0, 0.0, 0.0, 0.0, 0.0, 50.0, 1.0, 13.833333015441895
0.0, 0.0, 0.0, 86.0, 0.0, 0.0, 0.0, 0.0, 0.0, 0.0, 0.0, 0.0, -0.3645833432674408, 0.0, 0.0, 0.0, 0.0, 0.0, 50.0, 1.0, 13.916666984558105
119.0, 0.0, 37.0, 0.0, 0.0, 0.0, 0.0, 0.0, 0.0, -0.3125, 0.0, 3.552713678800501e-13, 0.0, 0.0, 0.0, 0.0, 0.0, 0.0, 50.0, 1.0, 14.0
0.0, 0.0, 40.0, 0.0, 0.0, 0.0, 0.0, 0.0, 0.0, 0.0, 0.0, 0.2604166567325592, 0.0, 0.0, 0.0, 0.0, 0.0, 0.0, 50.0, 1.0, 14.083333015441895
0.0, 0.0, 60.0, 0.0, 0.0, 0.0, 0.0, 0.0, 0.0, 0.0, 0.0, -0.0520833320915699, 0.0, 0.0, 0.0, 0.0, 0.0, 0.0, 50.0, 1.0, 14.166666984558105
0.0, 127.0, 48.0, 0.0, 0.0, 0.0, 0.0, 0.0, 0.0, 0.0, 0.3645833432674408, 0.46875, 0.0, 0.0, 0.0, 0.0, 0.0, 0.0, 50.0, 1.0, 14.25
0.0, 0.0, 74.0, 0.0, 0.0, 0.0, 0.0, 0.0, 0.0, 0.0, 0.0, 0.15625, 0.0, 0.0, 0.0, 0.0, 0.0, 0.0, 50.0, 1.0, 14.333333015441895
70.0, 0.0, 37.0, 0.0, 0.0, 0.0, 0.0, 0.0, 0.0, -0.0520833320915699, 0.0, 2.3684756955168196e-13, 0.0, 0.0, 0.0, 0.0, 0.0, 0.0, 50.0, 1.0, 14.416666984558105
111.0, 0.0, 53.0, 0.0, 0.0, 0.0, 0.0, 0.0, 0.0, -0.2083333283662796, 0.0, 0.0520833320915699, 0.0, 0.0, 0.0, 0.0, 0.0, 0.0, 50.0, 1.0, 14.5
0.0, 0.0, 55.0, 0.0, 0.0, 0.0, 0.0, 0.0, 0.0, 0.0, 0.0, -0.2083333283662796, 0.0, 0.0, 0.0, 0.0, 0.0, 0.0, 50.0, 1.0, 14.583333015441895
0.0, 53.0, 0.0, 0.0, 0.0, 0.0, 0.0, 0.0, 0.0, 0.0, 0.0520833320915699, 0.0, 0.0, 0.0, 0.0, 0.0, 0.0, 0.0, 50.0, 1.0, 14.625
0.0, 0.0, 57.0, 0.0, 0.0, 0.0, 0.0, 0.0, 0.0, 0.0, 0.0, -0.5208333134651184, 0.0, 0.0, 0.0, 0.0, 0.0, 0.0, 50.0, 1.0, 14.666666984558105
0.0, 127.0, 74.0, 0.0, 0.0, 0.0, 0.0, 0.0, 0.0, 0.0, -0.3645833432674408, -0.2604166567325592, 0.0, 0.0, 0.0, 0.0, 0.0, 0.0, 50.0, 1.0, 14.75
0.0, 7.0, 0.0, 0.0, 0.0, 0.0, 0.0, 0.0, 0.0, 0.0, -1.1979166269302368, 0.0, 0.0, 0.0, 0.0, 0.0, 0.0, 0.0, 50.0, 1.0, 14.791666984558105
0.0, 0.0, 47.0, 0.0, 0.0, 0.0, 0.0, 0.0, 0.0, 0.0, 0.0, 4.736951391033639e-13, 0.0, 0.0, 0.0, 0.0, 0.0, 0.0, 50.0, 1.0, 14.833333015441895
0.0, 0.0, 0.0, 109.0, 0.0, 0.0, 0.0, 0.0, 0.0, 0.0, 0.0, 0.0, 4.736951391033639e-13, 0.0, 0.0, 0.0, 0.0, 0.0, 50.0, 1.0, 14.916666984558105
125.0, 0.0, 49.0, 0.0, 0.0, 0.0, 0.0, 0.0, 0.0, 3.552713678800501e-13, 0.0, 0.78125, 0.0, 0.0, 0.0, 0.0, 0.0, 0.0, 50.0, 1.0, 15.0
0.0, 0.0, 48.0, 0.0, 0.0, 0.0, 0.0, 0.0, 0.0, 0.0, 0.0, 0.625, 0.0, 0.0, 0.0, 0.0, 0.0, 0.0, 50.0, 1.0, 15.083333015441895
0.0, 0.0, 55.0, 0.0, 0.0, 0.0, 0.0, 0.0, 0.0, 0.0, 0.0, 0.3645833432674408, 0.0, 0.0, 0.0, 0.0, 0.0, 0.0, 50.0, 1.0, 15.166666984558105
0.0, 127.0, 62.0, 0.0, 0.0, 0.0, 0.0, 0.0, 0.0, 0.0, 0.5208333134651184, 0.7291666865348816, 0.0, 0.0, 0.0, 0.0, 0.0, 0.0, 50.0, 1.0, 15.25
0.0, 0.0, 60.0, 0.0, 0.0, 0.0, 0.0, 0.0, 0.0, 0.0, 0.0, 0.15625, 0.0, 0.0, 0.0, 0.0, 0.0, 0.0, 50.0, 1.0, 15.333333015441895
71.0, 0.0, 38.0, 0.0, 0.0, 0.0, 0.0, 0.0, 0.0, -0.5208333134651184, 0.0, -0.1041666641831398, 0.0, 0.0, 0.0, 0.0, 0.0, 0.0, 50.0, 1.0, 15.416666984558105
80.0, 0.0, 43.0, 0.0, 0.0, 0.0, 0.0, 0.0, 0.0, -0.2604166567325592, 0.0, -0.0520833320915699, 0.0, 0.0, 0.0, 0.0, 0.0, 0.0, 50.0, 1.0, 15.5
0.0, 0.0, 50.0, 0.0, 0.0, 0.0, 0.0, 0.0, 0.0, 0.0, 0.0, -0.4166666567325592, 0.0, 0.0, 0.0, 0.0, 0.0, 0.0, 50.0, 1.0, 15.583333015441895
0.0, 49.0, 0.0, 0.0, 0.0, 0.0, 0.0, 0.0, 0.0, 0.0, -0.2083333283662796, 0.0, 0.0, 0.0, 0.0, 0.0, 0.0, 0.0, 50.0, 1.0, 15.625
0.0, 0.0, 44.0, 0.0, 0.0, 0.0, 0.0, 0.0, 0.0, 0.0, 0.0, -0.46875, 0.0, 0.0, 0.0, 0.0, 0.0, 0.0, 50.0, 1.0, 15.666666984558105
0.0, 121.0, 93.0, 0.0, 0.0, 0.0, 0.0, 0.0, 0.0, 0.0, -0.5208333134651184, -0.2604166567325592, 0.0, 0.0, 0.0, 0.0, 0.0, 0.0, 50.0, 1.0, 15.75
0.0, 0.0, 65.0, 0.0, 0.0, 0.0, 0.0, 0.0, 0.0, 0.0, 0.0, 0.0520833320915699, 0.0, 0.0, 0.0, 0.0, 0.0, 0.0, 50.0, 1.0, 15.833333015441895
76.0, 0.0, 56.0, 0.0, 0.0, 0.0, 0.0, 0.0, 0.0, -0.2604166567325592, 0.0, 0.0520833320915699, 0.0, 0.0, 0.0, 0.0, 0.0, 0.0, 50.0, 1.0, 15.916666984558105
98.0, 0.0, 60.0, 0.0, 0.0, 0.0, 0.0, 0.0, 0.0, -0.1041666641831398, 0.0, 0.4166666567325592, 0.0, 0.0, 0.0, 0.0, 0.0, 0.0, 50.0, 1.0, 16.0
0.0, 0.0, 79.0, 0.0, 0.0, 0.0, 0.0, 0.0, 0.0, 0.0, 0.0, 0.3125, 0.0, 0.0, 0.0, 0.0, 0.0, 0.0, 50.0, 1.0, 16.08333396911621
0.0, 0.0, 64.0, 0.0, 0.0, 0.0, 0.0, 0.0, 0.0, 0.0, 0.0, 0.3645833432674408, 0.0, 0.0, 0.0, 0.0, 0.0, 0.0, 50.0, 1.0, 16.16666603088379
0.0, 124.0, 76.0, 0.0, 0.0, 0.0, 0.0, 0.0, 0.0, 0.0, 0.4166666567325592, 0.625, 0.0, 0.0, 0.0, 0.0, 0.0, 0.0, 50.0, 1.0, 16.25
0.0, 0.0, 61.0, 0.0, 0.0, 0.0, 0.0, 0.0, 0.0, 0.0, 0.0, 0.625, 0.0, 0.0, 0.0, 0.0, 0.0, 0.0, 50.0, 1.0, 16.33333396911621
70.0, 0.0, 55.0, 0.0, 0.0, 0.0, 0.0, 0.0, 0.0, 0.15625, 0.0, 0.6770833134651184, 0.0, 0.0, 0.0, 0.0, 0.0, 0.0, 50.0, 1.0, 16.41666603088379
77.0, 0.0, 62.0, 0.0, 0.0, 0.0, 0.0, 0.0, 0.0, 0.46875, 0.0, 0.6770833134651184, 0.0, 0.0, 0.0, 0.0, 0.0, 0.0, 50.0, 1.0, 16.5
0.0, 0.0, 34.0, 0.0, 0.0, 0.0, 0.0, 0.0, 0.0, 0.0, 0.0, 0.2083333283662796, 0.0, 0.0, 0.0, 0.0, 0.0, 0.0, 50.0, 1.0, 16.58333396911621
0.0, 51.0, 0.0, 0.0, 0.0, 0.0, 0.0, 0.0, 0.0, 0.0, 0.7291666865348816, 0.0, 0.0, 0.0, 0.0, 0.0, 0.0, 0.0, 50.0, 1.0, 16.625
0.0, 0.0, 55.0, 0.0, 0.0, 0.0, 0.0, 0.0, 0.0, 0.0, 0.0, 0.0520833320915699, 0.0, 0.0, 0.0, 0.0, 0.0, 0.0, 50.0, 1.0, 16.66666603088379
0.0, 127.0, 85.0, 0.0, 0.0, 0.0, 0.0, 0.0, 0.0, 0.0, -0.3645833432674408, 0.0520833320915699, 0.0, 0.0, 0.0, 0.0, 0.0, 0.0, 50.0, 1.0, 16.75
0.0, 0.0, 66.0, 0.0, 0.0, 0.0, 0.0, 0.0, 0.0, 0.0, 0.0, -0.0520833320915699, 0.0, 0.0, 0.0, 0.0, 0.0, 0.0, 50.0, 1.0, 16.83333396911621
0.0, 0.0, 0.0, 83.0, 0.0, 0.0, 0.0, 0.0, 0.0, 0.0, 0.0, 0.0, -0.2604166567325592, 0.0, 0.0, 0.0, 0.0, 0.0, 50.0, 1.0, 16.91666603088379
127.0, 0.0, 25.0, 0.0, 0.0, 0.0, 0.0, 89.0, 0.0, -0.5208333134651184, 0.0, -0.46875, 0.0, 0.0, 0.0, 0.0, 7.105427357601002e-13, 0.0, 50.0, 1.0, 17.0
6.0, 0.0, 0.0, 0.0, 0.0, 0.0, 0.0, 0.0, 0.0, -0.5729166865348816, 0.0, 0.0, 0.0, 0.0, 0.0, 0.0, 0.0, 0.0, 50.0, 1.0, 17.04166603088379
0.0, 0.0, 41.0, 0.0, 0.0, 0.0, 0.0, 0.0, 0.0, 0.0, 0.0, 0.2604166567325592, 0.0, 0.0, 0.0, 0.0, 0.0, 0.0, 50.0, 1.0, 17.08333396911621
0.0, 0.0, 69.0, 0.0, 0.0, 0.0, 0.0, 0.0, 0.0, 0.0, 0.0, 0.1041666641831398, 0.0, 0.0, 0.0, 0.0, 0.0, 0.0, 50.0, 1.0, 17.16666603088379
0.0, 107.0, 0.0, 0.0, 0.0, 0.0, 0.0, 0.0, 0.0, 0.0, 0.2604166567325592, 0.0, 0.0, 0.0, 0.0, 0.0, 0.0, 0.0, 50.0, 1.0, 17.25
0.0, 7.0, 0.0, 0.0, 0.0, 0.0, 0.0, 0.0, 0.0, 0.0, 0.3645833432674408, 0.0, 0.0, 0.0, 0.0, 0.0, 0.0, 0.0, 50.0, 1.0, 17.29166603088379
0.0, 5.0, 0.0, 0.0, 0.0, 0.0, 0.0, 0.0, 0.0, 0.0, -0.9895833134651184, 0.0, 0.0, 0.0, 0.0, 0.0, 0.0, 0.0, 50.0, 1.0, 17.3125
0.0, 5.0, 0.0, 0.0, 19.0, 0.0, 0.0, 0.0, 13.0, 0.0, 1.9791666269302368, 0.0, 0.0, 1.875, 0.0, 0.0, 0.0, 1.875, 50.0, 1.0, 17.375
64.0, 0.0, 0.0, 0.0, 0.0, 0.0, 0.0, 0.0, 0.0, 4.736951391033639e-13, 0.0, 0.0, 0.0, 0.0, 0.0, 0.0, 0.0, 0.0, 50.0, 1.0, 17.41666603088379
113.0, 0.0, 0.0, 0.0, 0.0, 0.0, 0.0, 0.0, 0.0, -0.46875, 0.0, 0.0, 0.0, 0.0, 0.0, 0.0, 0.0, 0.0, 50.0, 1.0, 17.5
0.0, 127.0, 0.0, 0.0, 0.0, 0.0, 0.0, 0.0, 0.0, 0.0, -1.1458333730697632, 0.0, 0.0, 0.0, 0.0, 0.0, 0.0, 0.0, 50.0, 1.0, 17.75
127.0, 0.0, 0.0, 0.0, 0.0, 0.0, 0.0, 0.0, 0.0, 0.4166666567325592, 0.0, 0.0, 0.0, 0.0, 0.0, 0.0, 0.0, 0.0, 50.0, 1.0, 18.0
0.0, 127.0, 0.0, 0.0, 0.0, 0.0, 0.0, 0.0, 0.0, 0.0, -0.2604166567325592, 0.0, 0.0, 0.0, 0.0, 0.0, 0.0, 0.0, 50.0, 1.0, 18.25
73.0, 0.0, 0.0, 0.0, 0.0, 0.0, 0.0, 0.0, 0.0, 0.5208333134651184, 0.0, 0.0, 0.0, 0.0, 0.0, 0.0, 0.0, 0.0, 50.0, 1.0, 18.41666603088379
127.0, 0.0, 0.0, 0.0, 0.0, 0.0, 0.0, 0.0, 0.0, 1.1458333730697632, 0.0, 0.0, 0.0, 0.0, 0.0, 0.0, 0.0, 0.0, 50.0, 1.0, 18.5
0.0, 127.0, 0.0, 0.0, 0.0, 0.0, 0.0, 0.0, 0.0, 0.0, 0.2083333283662796, 0.0, 0.0, 0.0, 0.0, 0.0, 0.0, 0.0, 50.0, 1.0, 18.75
0.0, 127.0, 0.0, 0.0, 0.0, 0.0, 0.0, 0.0, 0.0, 0.0, -0.78125, 0.0, 0.0, 0.0, 0.0, 0.0, 0.0, 0.0, 50.0, 1.0, 18.83333396911621
0.0, 127.0, 0.0, 0.0, 0.0, 0.0, 0.0, 0.0, 0.0, 0.0, -0.8854166865348816, 0.0, 0.0, 0.0, 0.0, 0.0, 0.0, 0.0, 50.0, 1.0, 18.91666603088379
125.0, 0.0, 0.0, 0.0, 0.0, 0.0, 0.0, 0.0, 0.0, -0.8854166865348816, 0.0, 0.0, 0.0, 0.0, 0.0, 0.0, 0.0, 0.0, 50.0, 1.0, 19.0
0.0, 127.0, 0.0, 0.0, 0.0, 0.0, 0.0, 0.0, 0.0, 0.0, 0.15625, 0.0, 0.0, 0.0, 0.0, 0.0, 0.0, 0.0, 50.0, 1.0, 19.25
0.0, 8.0, 0.0, 0.0, 0.0, 0.0, 0.0, 0.0, 0.0, 0.0, -0.625, 0.0, 0.0, 0.0, 0.0, 0.0, 0.0, 0.0, 50.0, 1.0, 19.29166603088379
75.0, 0.0, 0.0, 0.0, 0.0, 0.0, 0.0, 0.0, 0.0, 0.2604166567325592, 0.0, 0.0, 0.0, 0.0, 0.0, 0.0, 0.0, 0.0, 50.0, 1.0, 19.41666603088379
126.0, 0.0, 0.0, 0.0, 0.0, 0.0, 0.0, 0.0, 0.0, 0.8854166865348816, 0.0, 0.0, 0.0, 0.0, 0.0, 0.0, 0.0, 0.0, 50.0, 1.0, 19.5
0.0, 0.0, 0.0, 127.0, 0.0, 0.0, 0.0, 0.0, 0.0, 0.0, 0.0, 0.0, 0.3645833432674408, 0.0, 0.0, 0.0, 0.0, 0.0, 50.0, 1.0, 19.66666603088379
0.0, 127.0, 40.0, 0.0, 0.0, 0.0, 0.0, 0.0, 0.0, 0.0, 0.15625, -0.15625, 0.0, 0.0, 0.0, 0.0, 0.0, 0.0, 50.0, 1.0, 19.75
0.0, 7.0, 0.0, 0.0, 0.0, 0.0, 0.0, 0.0, 0.0, 0.0, -0.9895833134651184, 0.0, 0.0, 0.0, 0.0, 0.0, 0.0, 0.0, 50.0, 1.0, 19.79166603088379
127.0, 0.0, 0.0, 0.0, 0.0, 0.0, 0.0, 0.0, 0.0, -0.46875, 0.0, 0.0, 0.0, 0.0, 0.0, 0.0, 0.0, 0.0, 50.0, 1.0, 20.0
0.0, 127.0, 0.0, 0.0, 0.0, 0.0, 0.0, 0.0, 0.0, 0.0, -1.0416666269302368, 0.0, 0.0, 0.0, 0.0, 0.0, 0.0, 0.0, 50.0, 1.0, 20.25
87.0, 0.0, 0.0, 0.0, 0.0, 0.0, 0.0, 0.0, 0.0, 0.15625, 0.0, 0.0, 0.0, 0.0, 0.0, 0.0, 0.0, 0.0, 50.0, 1.0, 20.41666603088379
119.0, 0.0, 0.0, 0.0, 0.0, 0.0, 0.0, 0.0, 0.0, 0.9895833134651184, 0.0, 0.0, 0.0, 0.0, 0.0, 0.0, 0.0, 0.0, 50.0, 1.0, 20.5
0.0, 0.0, 0.0, 117.0, 0.0, 0.0, 0.0, 0.0, 0.0, 0.0, 0.0, 0.0, -0.46875, 0.0, 0.0, 0.0, 0.0, 0.0, 50.0, 1.0, 20.66666603088379
0.0, 127.0, 37.0, 0.0, 0.0, 0.0, 0.0, 0.0, 0.0, 0.0, -0.8854166865348816, -1.40625, 0.0, 0.0, 0.0, 0.0, 0.0, 0.0, 50.0, 1.0, 20.75
0.0, 0.0, 0.0, 0.0, 0.0, 0.0, 127.0, 0.0, 0.0, 0.0, 0.0, 0.0, 0.0, 0.0, 0.0, 0.8854166865348816, 0.0, 0.0, 50.0, 1.0, 20.8125
0.0, 0.0, 0.0, 0.0, 127.0, 0.0, 0.0, 0.0, 0.0, 0.0, 0.0, 0.0, 0.0, -1.3541666269302368, 0.0, 0.0, 0.0, 0.0, 50.0, 1.0, 20.91666603088379
127.0, 0.0, 0.0, 0.0, 0.0, 0.0, 0.0, 75.0, 63.0, -1.25, 0.0, 0.0, 0.0, 0.0, 0.0, 0.0, -0.8854166865348816, -0.5729166865348816, 50.0, 1.0, 21.0
0.0, 0.0, 0.0, 0.0, 0.0, 0.0, 0.0, 0.0, 58.0, 0.0, 0.0, 0.0, 0.0, 0.0, 0.0, 0.0, 0.0, -0.4166666567325592, 50.0, 1.0, 21.08333396911621
0.0, 0.0, 0.0, 0.0, 0.0, 0.0, 0.0, 0.0, 58.0, 0.0, 0.0, 0.0, 0.0, 0.0, 0.0, 0.0, 0.0, -0.2083333283662796, 50.0, 1.0, 21.16666603088379
0.0, 127.0, 0.0, 0.0, 0.0, 0.0, 0.0, 0.0, 61.0, 0.0, -0.46875, 0.0, 0.0, 0.0, 0.0, 0.0, 0.0, -0.15625, 50.0, 1.0, 21.25
0.0, 0.0, 0.0, 0.0, 0.0, 0.0, 0.0, 0.0, 56.0, 0.0, 0.0, 0.0, 0.0, 0.0, 0.0, 0.0, 0.0, 0.2083333283662796, 50.0, 1.0, 21.33333396911621
64.0, 0.0, 0.0, 0.0, 0.0, 0.0, 0.0, 0.0, 50.0, -0.4166666567325592, 0.0, 0.0, 0.0, 0.0, 0.0, 0.0, 0.0, -0.5208333134651184, 50.0, 1.0, 21.41666603088379
73.0, 0.0, 0.0, 0.0, 0.0, 0.0, 0.0, 0.0, 64.0, -0.3125, 0.0, 0.0, 0.0, 0.0, 0.0, 0.0, 0.0, -0.3125, 50.0, 1.0, 21.5
0.0, 0.0, 0.0, 0.0, 0.0, 0.0, 0.0, 0.0, 50.0, 0.0, 0.0, 0.0, 0.0, 0.0, 0.0, 0.0, 0.0, -0.4166666567325592, 50.0, 1.0, 21.58333396911621
0.0, 0.0, 0.0, 0.0, 0.0, 0.0, 0.0, 0.0, 52.0, 0.0, 0.0, 0.0, 0.0, 0.0, 0.0, 0.0, 0.0, -0.625, 50.0, 1.0, 21.66666603088379
0.0, 113.0, 0.0, 0.0, 0.0, 0.0, 0.0, 0.0, 51.0, 0.0, -0.4166666567325592, 0.0, 0.0, 0.0, 0.0, 0.0, 0.0, -0.2083333283662796, 50.0, 1.0, 21.75
0.0, 0.0, 0.0, 0.0, 0.0, 0.0, 0.0, 0.0, 48.0, 0.0, 0.0, 0.0, 0.0, 0.0, 0.0, 0.0, 0.0, 4.736951391033639e-13, 50.0, 1.0, 21.83333396911621
64.0, 0.0, 0.0, 0.0, 0.0, 0.0, 0.0, 0.0, 43.0, -0.2083333283662796, 0.0, 0.0, 0.0, 0.0, 0.0, 0.0, 0.0, 0.0520833320915699, 50.0, 1.0, 21.91666603088379
95.0, 0.0, 0.0, 0.0, 0.0, 0.0, 0.0, 0.0, 54.0, 0.46875, 0.0, 0.0, 0.0, 0.0, 0.0, 0.0, 0.0, 0.4166666567325592, 50.0, 1.0, 22.0
0.0, 0.0, 0.0, 0.0, 0.0, 0.0, 0.0, 0.0, 45.0, 0.0, 0.0, 0.0, 0.0, 0.0, 0.0, 0.0, 0.0, 0.7291666865348816, 50.0, 1.0, 22.08333396911621
0.0, 0.0, 0.0, 0.0, 0.0, 0.0, 0.0, 0.0, 48.0, 0.0, 0.0, 0.0, 0.0, 0.0, 0.0, 0.0, 0.0, 0.5729166865348816, 50.0, 1.0, 22.16666603088379
0.0, 127.0, 0.0, 0.0, 0.0, 0.0, 0.0, 0.0, 45.0, 0.0, 7.105427357601002e-13, 0.0, 0.0, 0.0, 0.0, 0.0, 0.0, 0.5208333134651184, 50.0, 1.0, 22.25
0.0, 0.0, 0.0, 0.0, 0.0, 0.0, 0.0, 0.0, 40.0, 0.0, 0.0, 0.0, 0.0, 0.0, 0.0, 0.0, 0.0, 0.7291666865348816, 50.0, 1.0, 22.33333396911621
71.0, 0.0, 0.0, 0.0, 0.0, 0.0, 0.0, 0.0, 44.0, 0.0520833320915699, 0.0, 0.0, 0.0, 0.0, 0.0, 0.0, 0.0, 0.4166666567325592, 50.0, 1.0, 22.41666603088379
71.0, 0.0, 0.0, 0.0, 0.0, 0.0, 0.0, 0.0, 50.0, 0.2083333283662796, 0.0, 0.0, 0.0, 0.0, 0.0, 0.0, 0.0, 0.2604166567325592, 50.0, 1.0, 22.5
0.0, 0.0, 0.0, 0.0, 0.0, 0.0, 0.0, 0.0, 47.0, 0.0, 0.0, 0.0, 0.0, 0.0, 0.0, 0.0, 0.0, 0.2604166567325592, 50.0, 1.0, 22.58333396911621
0.0, 0.0, 0.0, 0.0, 0.0, 0.0, 0.0, 0.0, 48.0, 0.0, 0.0, 0.0, 0.0, 0.0, 0.0, 0.0, 0.0, 0.15625, 50.0, 1.0, 22.66666603088379
0.0, 127.0, 0.0, 0.0, 0.0, 0.0, 0.0, 0.0, 49.0, 0.0, -0.3645833432674408, 0.0, 0.0, 0.0, 0.0, 0.0, 0.0, 0.0520833320915699, 50.0, 1.0, 22.75
0.0, 0.0, 0.0, 0.0, 0.0, 0.0, 0.0, 0.0, 45.0, 0.0, 0.0, 0.0, 0.0, 0.0, 0.0, 0.0, 0.0, -0.0520833320915699, 50.0, 1.0, 22.83333396911621
0.0, 0.0, 0.0, 0.0, 0.0, 0.0, 0.0, 0.0, 53.0, 0.0, 0.0, 0.0, 0.0, 0.0, 0.0, 0.0, 0.0, -0.3125, 50.0, 1.0, 22.91666603088379
96.0, 0.0, 0.0, 0.0, 0.0, 0.0, 0.0, 0.0, 50.0, -0.6770833134651184, 0.0, 0.0, 0.0, 0.0, 0.0, 0.0, 0.0, -0.2604166567325592, 50.0, 1.0, 23.0
0.0, 0.0, 0.0, 0.0, 0.0, 0.0, 0.0, 0.0, 54.0, 0.0, 0.0, 0.0, 0.0, 0.0, 0.0, 0.0, 0.0, -0.0520833320915699, 50.0, 1.0, 23.08333396911621
0.0, 0.0, 0.0, 0.0, 0.0, 0.0, 0.0, 0.0, 49.0, 0.0, 0.0, 0.0, 0.0, 0.0, 0.0, 0.0, 0.0, -0.1041666641831398, 50.0, 1.0, 23.16666603088379
0.0, 127.0, 0.0, 0.0, 0.0, 0.0, 0.0, 0.0, 53.0, 0.0, 0.0520833320915699, 0.0, 0.0, 0.0, 0.0, 0.0, 0.0, 0.15625, 50.0, 1.0, 23.25
0.0, 0.0, 0.0, 0.0, 0.0, 0.0, 0.0, 0.0, 49.0, 0.0, 0.0, 0.0, 0.0, 0.0, 0.0, 0.0, 0.0, 9.473902782067278e-13, 50.0, 1.0, 23.33333396911621
70.0, 0.0, 0.0, 0.0, 0.0, 0.0, 0.0, 0.0, 48.0, -0.5729166865348816, 0.0, 0.0, 0.0, 0.0, 0.0, 0.0, 0.0, 0.1041666641831398, 50.0, 1.0, 23.41666603088379
127.0, 0.0, 0.0, 0.0, 0.0, 0.0, 0.0, 0.0, 52.0, 7.105427357601002e-13, 0.0, 0.0, 0.0, 0.0, 0.0, 0.0, 0.0, 0.3125, 50.0, 1.0, 23.5
0.0, 0.0, 0.0, 0.0, 0.0, 0.0, 0.0, 0.0, 44.0, 0.0, 0.0, 0.0, 0.0, 0.0, 0.0, 0.0, 0.0, -0.1041666641831398, 50.0, 1.0, 23.58333396911621
0.0, 77.0, 0.0, 0.0, 0.0, 0.0, 0.0, 0.0, 0.0, 0.0, 0.8333333134651184, 0.0, 0.0, 0.0, 0.0, 0.0, 0.0, 0.0, 50.0, 1.0, 23.625
0.0, 0.0, 0.0, 0.0, 0.0, 0.0, 0.0, 0.0, 46.0, 0.0, 0.0, 0.0, 0.0, 0.0, 0.0, 0.0, 0.0, 0.1041666641831398, 50.0, 1.0, 23.66666603088379
0.0, 127.0, 0.0, 0.0, 0.0, 0.0, 0.0, 0.0, 61.0, 0.0, 0.15625, 0.0, 0.0, 0.0, 0.0, 0.0, 0.0, 0.3125, 50.0, 1.0, 23.75
0.0, 7.0, 0.0, 0.0, 0.0, 0.0, 0.0, 0.0, 0.0, 0.0, -0.7291666865348816, 0.0, 0.0, 0.0, 0.0, 0.0, 0.0, 0.0, 50.0, 1.0, 23.79166603088379
0.0, 0.0, 0.0, 0.0, 0.0, 0.0, 0.0, 0.0, 48.0, 0.0, 0.0, 0.0, 0.0, 0.0, 0.0, 0.0, 0.0, 0.2083333283662796, 50.0, 1.0, 23.83333396911621
76.0, 0.0, 0.0, 0.0, 0.0, 0.0, 0.0, 0.0, 56.0, -0.2083333283662796, 0.0, 0.0, 0.0, 0.0, 0.0, 0.0, 0.0, 0.0520833320915699, 50.0, 1.0, 23.91666603088379
98.0, 0.0, 0.0, 0.0, 0.0, 0.0, 0.0, 0.0, 51.0, 0.2083333283662796, 0.0, 0.0, 0.0, 0.0, 0.0, 0.0, 0.0, 0.46875, 50.0, 1.0, 24.0
0.0, 0.0, 0.0, 0.0, 0.0, 0.0, 0.0, 0.0, 48.0, 0.0, 0.0, 0.0, 0.0, 0.0, 0.0, 0.0, 0.0, 0.0520833320915699, 50.0, 1.0, 24.08333396911621
0.0, 64.0, 0.0, 0.0, 0.0, 0.0, 0.0, 0.0, 0.0, 0.0, 1.0416666269302368, 0.0, 0.0, 0.0, 0.0, 0.0, 0.0, 0.0, 50.0, 1.0, 24.125
0.0, 0.0, 0.0, 0.0, 0.0, 0.0, 0.0, 0.0, 45.0, 0.0, 0.0, 0.0, 0.0, 0.0, 0.0, 0.0, 0.0, 0.1041666641831398, 50.0, 1.0, 24.16666603088379
0.0, 127.0, 0.0, 0.0, 0.0, 0.0, 0.0, 0.0, 55.0, 0.0, -0.15625, 0.0, 0.0, 0.0, 0.0, 0.0, 0.0, 0.15625, 50.0, 1.0, 24.25
0.0, 6.0, 0.0, 0.0, 0.0, 0.0, 0.0, 0.0, 0.0, 0.0, -0.9895833134651184, 0.0, 0.0, 0.0, 0.0, 0.0, 0.0, 0.0, 50.0, 1.0, 24.29166603088379
0.0, 0.0, 0.0, 0.0, 0.0, 0.0, 0.0, 0.0, 49.0, 0.0, 0.0, 0.0, 0.0, 0.0, 0.0, 0.0, 0.0, 0.15625, 50.0, 1.0, 24.33333396911621
79.0, 0.0, 0.0, 0.0, 0.0, 0.0, 0.0, 0.0, 46.0, -0.3645833432674408, 0.0, 0.0, 0.0, 0.0, 0.0, 0.0, 0.0, 9.473902782067278e-13, 50.0, 1.0, 24.41666603088379
97.0, 0.0, 0.0, 0.0, 0.0, 0.0, 0.0, 0.0, 51.0, -0.2083333283662796, 0.0, 0.0, 0.0, 0.0, 0.0, 0.0, 0.0, 0.1041666641831398, 50.0, 1.0, 24.5
0.0, 5.0, 0.0, 0.0, 0.0, 0.0, 0.0, 0.0, 0.0, 0.0, -0.15625, 0.0, 0.0, 0.0, 0.0, 0.0, 0.0, 0.0, 50.0, 1.0, 24.5625
0.0, 0.0, 0.0, 0.0, 0.0, 0.0, 0.0, 0.0, 45.0, 0.0, 0.0, 0.0, 0.0, 0.0, 0.0, 0.0, 0.0, -0.5729166865348816, 50.0, 1.0, 24.58333396911621
0.0, 48.0, 0.0, 0.0, 0.0, 0.0, 0.0, 0.0, 0.0, 0.0, 0.2083333283662796, 0.0, 0.0, 0.0, 0.0, 0.0, 0.0, 0.0, 50.0, 1.0, 24.625
0.0, 0.0, 0.0, 0.0, 0.0, 0.0, 0.0, 0.0, 49.0, 0.0, 0.0, 0.0, 0.0, 0.0, 0.0, 0.0, 0.0, -0.5729166865348816, 50.0, 1.0, 24.66666603088379
0.0, 127.0, 0.0, 0.0, 0.0, 0.0, 0.0, 0.0, 54.0, 0.0, -0.78125, 0.0, 0.0, 0.0, 0.0, 0.0, 0.0, -0.8333333134651184, 50.0, 1.0, 24.75
0.0, 0.0, 0.0, 0.0, 0.0, 0.0, 118.0, 0.0, 64.0, 0.0, 0.0, 0.0, 0.0, 0.0, 0.0, -0.625, 0.0, -0.5208333134651184, 50.0, 1.0, 24.83333396911621
0.0, 0.0, 0.0, 0.0, 88.0, 0.0, 0.0, 0.0, 0.0, 0.0, 0.0, 0.0, 0.0, -0.3125, 0.0, 0.0, 0.0, 0.0, 50.0, 1.0, 24.91666603088379
127.0, 0.0, 0.0, 0.0, 0.0, 0.0, 0.0, 81.0, 0.0, 9.473902782067278e-13, 0.0, 0.0, 0.0, 0.0, 0.0, 0.0, 0.3125, 0.0, 50.0, 1.0, 25.0
0.0, 0.0, 0.0, 0.0, 0.0, 0.0, 0.0, 0.0, 29.0, 0.0, 0.0, 0.0, 0.0, 0.0, 0.0, 0.0, 0.0, 0.5208333134651184, 50.0, 1.0, 25.08333396911621
0.0, 0.0, 0.0, 0.0, 0.0, 0.0, 0.0, 0.0, 41.0, 0.0, 0.0, 0.0, 0.0, 0.0, 0.0, 0.0, 0.0, 0.2083333283662796, 50.0, 1.0, 25.16666603088379
0.0, 127.0, 0.0, 0.0, 0.0, 0.0, 0.0, 0.0, 58.0, 0.0, 0.3125, 0.0, 0.0, 0.0, 0.0, 0.0, 0.0, 0.4166666567325592, 50.0, 1.0, 25.25
0.0, 0.0, 0.0, 0.0, 0.0, 0.0, 0.0, 0.0, 57.0, 0.0, 0.0, 0.0, 0.0, 0.0, 0.0, 0.0, 0.0, 0.3645833432674408, 50.0, 1.0, 25.33333396911621
72.0, 0.0, 0.0, 0.0, 0.0, 0.0, 0.0, 0.0, 45.0, -0.15625, 0.0, 0.0, 0.0, 0.0, 0.0, 0.0, 0.0, 0.0520833320915699, 50.0, 1.0, 25.41666603088379
120.0, 0.0, 0.0, 0.0, 0.0, 0.0, 0.0, 0.0, 57.0, -0.2604166567325592, 0.0, 0.0, 0.0, 0.0, 0.0, 0.0, 0.0, 0.15625, 50.0, 1.0, 25.5
0.0, 0.0, 0.0, 127.0, 0.0, 0.0, 0.0, 0.0, 53.0, 0.0, 0.0, 0.0, -0.2604166567325592, 0.0, 0.0, 0.0, 0.0, 0.1041666641831398, 50.0, 1.0, 25.58333396911621
0.0, 0.0, 50.0, 0.0, 0.0, 0.0, 0.0, 0.0, 46.0, 0.0, 0.0, -0.3125, 0.0, 0.0, 0.0, 0.0, 0.0, 0.3645833432674408, 50.0, 1.0, 25.66666603088379
0.0, 127.0, 0.0, 0.0, 0.0, 0.0, 0.0, 0.0, 62.0, 0.0, 0.46875, 0.0, 0.0, 0.0, 0.0, 0.0, 0.0, 0.8854166865348816, 50.0, 1.0, 25.75
0.0, 0.0, 0.0, 0.0, 0.0, 0.0, 0.0, 0.0, 48.0, 0.0, 0.0, 0.0, 0.0, 0.0, 0.0, 0.0, 0.0, 0.2083333283662796, 50.0, 1.0, 25.83333396911621
72.0, 0.0, 0.0, 0.0, 0.0, 0.0, 0.0, 0.0, 60.0, -0.3645833432674408, 0.0, 0.0, 0.0, 0.0, 0.0, 0.0, 0.0, -0.0520833320915699, 50.0, 1.0, 25.91666603088379
127.0, 0.0, 0.0, 0.0, 0.0, 0.0, 0.0, 0.0, 59.0, -0.0520833320915699, 0.0, 0.0, 0.0, 0.0, 0.0, 0.0, 0.0, 0.3645833432674408, 50.0, 1.0, 26.0
0.0, 0.0, 0.0, 0.0, 0.0, 0.0, 0.0, 0.0, 40.0, 0.0, 0.0, 0.0, 0.0, 0.0, 0.0, 0.0, 0.0, 0.3645833432674408, 50.0, 1.0, 26.08333396911621
0.0, 0.0, 0.0, 0.0, 0.0, 0.0, 0.0, 0.0, 57.0, 0.0, 0.0, 0.0, 0.0, 0.0, 0.0, 0.0, 0.0, 0.0520833320915699, 50.0, 1.0, 26.16666603088379
0.0, 127.0, 0.0, 0.0, 0.0, 0.0, 0.0, 0.0, 59.0, 0.0, -0.2604166567325592, 0.0, 0.0, 0.0, 0.0, 0.0, 0.0, -0.1041666641831398, 50.0, 1.0, 26.25
0.0, 8.0, 0.0, 0.0, 0.0, 0.0, 0.0, 0.0, 0.0, 0.0, -1.5625, 0.0, 0.0, 0.0, 0.0, 0.0, 0.0, 0.0, 50.0, 1.0, 26.29166603088379
0.0, 0.0, 0.0, 0.0, 0.0, 0.0, 0.0, 0.0, 47.0, 0.0, 0.0, 0.0, 0.0, 0.0, 0.0, 0.0, 0.0, -0.3645833432674408, 50.0, 1.0, 26.33333396911621
76.0, 0.0, 0.0, 0.0, 0.0, 0.0, 0.0, 0.0, 49.0, -0.0520833320915699, 0.0, 0.0, 0.0, 0.0, 0.0, 0.0, 0.0, 0.3125, 50.0, 1.0, 26.41666603088379
115.0, 0.0, 0.0, 0.0, 0.0, 0.0, 0.0, 0.0, 50.0, 7.105427357601002e-13, 0.0, 0.0, 0.0, 0.0, 0.0, 0.0, 0.0, 0.2604166567325592, 50.0, 1.0, 26.5
0.0, 127.0, 0.0, 0.0, 0.0, 0.0, 0.0, 0.0, 48.0, 0.0, -0.0520833320915699, 0.0, 0.0, 0.0, 0.0, 0.0, 0.0, 0.1041666641831398, 50.0, 1.0, 26.58333396911621
0.0, 8.0, 0.0, 0.0, 0.0, 0.0, 0.0, 0.0, 46.0, 0.0, 9.473902782067278e-13, 0.0, 0.0, 0.0, 0.0, 0.0, 0.0, 0.3645833432674408, 50.0, 1.0, 26.66666603088379
0.0, 127.0, 0.0, 0.0, 0.0, 0.0, 0.0, 0.0, 0.0, 0.0, 0.5208333134651184, 0.0, 0.0, 0.0, 0.0, 0.0, 0.0, 0.0, 50.0, 1.0, 26.75
81.0, 0.0, 0.0, 0.0, 0.0, 0.0, 0.0, 0.0, 46.0, -0.2604166567325592, 0.0, 0.0, 0.0, 0.0, 0.0, 0.0, 0.0, 0.3125, 50.0, 1.0, 26.83333396911621
14.0, 0.0, 0.0, 0.0, 0.0, 0.0, 0.0, 0.0, 0.0, 0.9895833134651184, 0.0, 0.0, 0.0, 0.0, 0.0, 0.0, 0.0, 0.0, 50.0, 1.0, 26.875
0.0, 0.0, 0.0, 0.0, 0.0, 0.0, 0.0, 0.0, 56.0, 0.0, 0.0, 0.0, 0.0, 0.0, 0.0, 0.0, 0.0, -0.0520833320915699, 50.0, 1.0, 26.91666603088379
127.0, 0.0, 0.0, 119.0, 0.0, 0.0, 0.0, 0.0, 64.0, -0.7291666865348816, 0.0, 0.0, -0.3125, 0.0, 0.0, 0.0, 0.0, 0.0520833320915699, 50.0, 1.0, 27.0
0.0, 0.0, 0.0, 0.0, 0.0, 0.0, 0.0, 0.0, 45.0, 0.0, 0.0, 0.0, 0.0, 0.0, 0.0, 0.0, 0.0, -0.3125, 50.0, 1.0, 27.08333396911621
0.0, 0.0, 0.0, 0.0, 0.0, 0.0, 0.0, 0.0, 48.0, 0.0, 0.0, 0.0, 0.0, 0.0, 0.0, 0.0, 0.0, -0.5729166865348816, 50.0, 1.0, 27.16666603088379
0.0, 127.0, 35.0, 0.0, 0.0, 0.0, 0.0, 0.0, 57.0, 0.0, -0.1041666641831398, -0.3125, 0.0, 0.0, 0.0, 0.0, 0.0, 7.105427357601002e-13, 50.0, 1.0, 27.25
0.0, 0.0, 0.0, 0.0, 0.0, 0.0, 0.0, 0.0, 48.0, 0.0, 0.0, 0.0, 0.0, 0.0, 0.0, 0.0, 0.0, -0.0520833320915699, 50.0, 1.0, 27.33333396911621
78.0, 0.0, 0.0, 0.0, 0.0, 0.0, 0.0, 0.0, 46.0, -0.3125, 0.0, 0.0, 0.0, 0.0, 0.0, 0.0, 0.0, 0.2083333283662796, 50.0, 1.0, 27.41666603088379
80.0, 0.0, 0.0, 0.0, 0.0, 0.0, 0.0, 0.0, 53.0, -0.0520833320915699, 0.0, 0.0, 0.0, 0.0, 0.0, 0.0, 0.0, 0.3125, 50.0, 1.0, 27.5
0.0, 127.0, 0.0, 0.0, 0.0, 0.0, 0.0, 0.0, 0.0, 0.0, -0.5208333134651184, 0.0, 0.0, 0.0, 0.0, 0.0, 0.0, 0.0, 50.0, 1.0, 27.58333396911621
120.0, 7.0, 0.0, 0.0, 0.0, 0.0, 0.0, 0.0, 58.0, -0.2083333283662796, -0.8333333134651184, 0.0, 0.0, 0.0, 0.0, 0.0, 0.0, 0.3125, 50.0, 1.0, 27.66666603088379
0.0, 127.0, 0.0, 0.0, 0.0, 0.0, 0.0, 0.0, 52.0, 0.0, -0.0520833320915699, 0.0, 0.0, 0.0, 0.0, 0.0, 0.0, 0.15625, 50.0, 1.0, 27.75
0.0, 0.0, 0.0, 0.0, 0.0, 0.0, 0.0, 0.0, 54.0, 0.0, 0.0, 0.0, 0.0, 0.0, 0.0, 0.0, 0.0, 0.3125, 50.0, 1.0, 27.83333396911621
70.0, 0.0, 0.0, 0.0, 0.0, 0.0, 0.0, 0.0, 51.0, -0.3125, 0.0, 0.0, 0.0, 0.0, 0.0, 0.0, 0.0, 0.2083333283662796, 50.0, 1.0, 27.91666603088379
127.0, 0.0, 0.0, 0.0, 0.0, 0.0, 0.0, 0.0, 46.0, 0.2604166567325592, 0.0, 0.0, 0.0, 0.0, 0.0, 0.0, 0.0, 0.2604166567325592, 50.0, 1.0, 28.0
0.0, 0.0, 0.0, 0.0, 0.0, 0.0, 0.0, 0.0, 45.0, 0.0, 0.0, 0.0, 0.0, 0.0, 0.0, 0.0, 0.0, 0.3125, 50.0, 1.0, 28.08333396911621
0.0, 0.0, 0.0, 0.0, 0.0, 0.0, 0.0, 0.0, 46.0, 0.0, 0.0, 0.0, 0.0, 0.0, 0.0, 0.0, 0.0, 0.3645833432674408, 50.0, 1.0, 28.16666603088379
0.0, 127.0, 0.0, 0.0, 0.0, 0.0, 0.0, 0.0, 59.0, 0.0, 0.625, 0.0, 0.0, 0.0, 0.0, 0.0, 0.0, 0.9375, 50.0, 1.0, 28.25
0.0, 10.0, 0.0, 0.0, 0.0, 0.0, 0.0, 0.0, 0.0, 0.0, -0.78125, 0.0, 0.0, 0.0, 0.0, 0.0, 0.0, 0.0, 50.0, 1.0, 28.29166603088379
0.0, 0.0, 0.0, 0.0, 0.0, 0.0, 0.0, 0.0, 49.0, 0.0, 0.0, 0.0, 0.0, 0.0, 0.0, 0.0, 0.0, 0.3645833432674408, 50.0, 1.0, 28.33333396911621
75.0, 0.0, 0.0, 0.0, 0.0, 0.0, 0.0, 0.0, 44.0, -0.1041666641831398, 0.0, 0.0, 0.0, 0.0, 0.0, 0.0, 0.0, 0.3125, 50.0, 1.0, 28.41666603088379
83.0, 0.0, 0.0, 0.0, 0.0, 0.0, 0.0, 0.0, 45.0, -0.15625, 0.0, 0.0, 0.0, 0.0, 0.0, 0.0, 0.0, 7.105427357601002e-13, 50.0, 1.0, 28.5
0.0, 64.0, 0.0, 0.0, 0.0, 0.0, 0.0, 0.0, 53.0, 0.0, -0.4166666567325592, 0.0, 0.0, 0.0, 0.0, 0.0, 0.0, -0.0520833320915699, 50.0, 1.0, 28.58333396911621
73.0, 0.0, 0.0, 0.0, 0.0, 0.0, 0.0, 0.0, 49.0, -0.3125, 0.0, 0.0, 0.0, 0.0, 0.0, 0.0, 0.0, 0.4166666567325592, 50.0, 1.0, 28.66666603088379
0.0, 127.0, 0.0, 0.0, 0.0, 0.0, 0.0, 0.0, 0.0, 0.0, 0.1041666641831398, 0.0, 0.0, 0.0, 0.0, 0.0, 0.0, 0.0, 50.0, 1.0, 28.75
0.0, 10.0, 0.0, 0.0, 0.0, 0.0, 0.0, 0.0, 0.0, 0.0, -1.3541666269302368, 0.0, 0.0, 0.0, 0.0, 0.0, 0.0, 0.0, 50.0, 1.0, 28.79166603088379
0.0, 0.0, 0.0, 0.0, 0.0, 0.0, 0.0, 0.0, 52.0, 0.0, 0.0, 0.0, 0.0, 0.0, 0.0, 0.0, 0.0, 0.3125, 50.0, 1.0, 28.83333396911621
0.0, 0.0, 0.0, 127.0, 0.0, 0.0, 0.0, 0.0, 49.0, 0.0, 0.0, 0.0, -0.2604166567325592, 0.0, 0.0, 0.0, 0.0, -0.4166666567325592, 50.0, 1.0, 28.91666603088379
127.0, 0.0, 30.0, 0.0, 0.0, 0.0, 0.0, 0.0, 57.0, -0.3125, 0.0, -0.3125, 0.0, 0.0, 0.0, 0.0, 0.0, 0.3645833432674408, 50.0, 1.0, 29.0
0.0, 0.0, 0.0, 0.0, 0.0, 0.0, 0.0, 0.0, 43.0, 0.0, 0.0, 0.0, 0.0, 0.0, 0.0, 0.0, 0.0, 0.0520833320915699, 50.0, 1.0, 29.08333396911621
0.0, 0.0, 0.0, 0.0, 0.0, 0.0, 0.0, 0.0, 54.0, 0.0, 0.0, 0.0, 0.0, 0.0, 0.0, 0.0, 0.0, -0.15625, 50.0, 1.0, 29.16666603088379
0.0, 127.0, 0.0, 0.0, 0.0, 0.0, 0.0, 0.0, 57.0, 0.0, -0.15625, 0.0, 0.0, 0.0, 0.0, 0.0, 0.0, -0.15625, 50.0, 1.0, 29.25
0.0, 10.0, 0.0, 0.0, 0.0, 0.0, 0.0, 0.0, 0.0, 0.0, -1.0416666269302368, 0.0, 0.0, 0.0, 0.0, 0.0, 0.0, 0.0, 50.0, 1.0, 29.29166603088379
0.0, 0.0, 0.0, 0.0, 0.0, 0.0, 0.0, 0.0, 53.0, 0.0, 0.0, 0.0, 0.0, 0.0, 0.0, 0.0, 0.0, -0.1041666641831398, 50.0, 1.0, 29.33333396911621
67.0, 0.0, 0.0, 0.0, 0.0, 0.0, 0.0, 0.0, 51.0, -0.625, 0.0, 0.0, 0.0, 0.0, 0.0, 0.0, 0.0, -0.2604166567325592, 50.0, 1.0, 29.41666603088379
76.0, 0.0, 0.0, 0.0, 0.0, 0.0, 0.0, 0.0, 59.0, -0.5208333134651184, 0.0, 0.0, 0.0, 0.0, 0.0, 0.0, 0.0, -0.5208333134651184, 50.0, 1.0, 29.5
0.0, 62.0, 0.0, 0.0, 0.0, 0.0, 0.0, 0.0, 60.0, 0.0, -0.625, 0.0, 0.0, 0.0, 0.0, 0.0, 0.0, -0.3125, 50.0, 1.0, 29.58333396911621
80.0, 0.0, 0.0, 0.0, 0.0, 0.0, 0.0, 0.0, 60.0, -0.4166666567325592, 0.0, 0.0, 0.0, 0.0, 0.0, 0.0, 0.0, -0.15625, 50.0, 1.0, 29.66666603088379
0.0, 127.0, 0.0, 0.0, 0.0, 0.0, 0.0, 0.0, 53.0, 0.0, -0.3125, 0.0, 0.0, 0.0, 0.0, 0.0, 0.0, -0.2083333283662796, 50.0, 1.0, 29.75
0.0, 0.0, 0.0, 0.0, 0.0, 0.0, 0.0, 0.0, 53.0, 0.0, 0.0, 0.0, 0.0, 0.0, 0.0, 0.0, 0.0, -0.2083333283662796, 50.0, 1.0, 29.83333396911621
0.0, 0.0, 0.0, 0.0, 0.0, 0.0, 63.0, 0.0, 64.0, 0.0, 0.0, 0.0, 0.0, 0.0, 0.0, -0.5208333134651184, 0.0, -0.46875, 50.0, 1.0, 29.91666603088379
127.0, 0.0, 0.0, 60.0, 0.0, 0.0, 0.0, 0.0, 49.0, -0.5729166865348816, 0.0, 0.0, 0.0520833320915699, 0.0, 0.0, 0.0, 0.0, 0.15625, 50.0, 1.0, 30.0
0.0, 0.0, 0.0, 0.0, 0.0, 0.0, 0.0, 0.0, 50.0, 0.0, 0.0, 0.0, 0.0, 0.0, 0.0, 0.0, 0.0, -0.3125, 50.0, 1.0, 30.08333396911621
0.0, 0.0, 0.0, 0.0, 0.0, 0.0, 0.0, 0.0, 46.0, 0.0, 0.0, 0.0, 0.0, 0.0, 0.0, 0.0, 0.0, -0.78125, 50.0, 1.0, 30.16666603088379
0.0, 127.0, 25.0, 0.0, 0.0, 0.0, 0.0, 0.0, 53.0, 0.0, -0.2604166567325592, -0.6770833134651184, 0.0, 0.0, 0.0, 0.0, 0.0, -0.1041666641831398, 50.0, 1.0, 30.25
0.0, 0.0, 0.0, 0.0, 0.0, 0.0, 0.0, 0.0, 56.0, 0.0, 0.0, 0.0, 0.0, 0.0, 0.0, 0.0, 0.0, -0.3645833432674408, 50.0, 1.0, 30.33333396911621
74.0, 0.0, 0.0, 0.0, 0.0, 0.0, 0.0, 0.0, 46.0, -0.5208333134651184, 0.0, 0.0, 0.0, 0.0, 0.0, 0.0, 0.0, -0.1041666641831398, 50.0, 1.0, 30.41666603088379
84.0, 0.0, 0.0, 0.0, 0.0, 0.0, 0.0, 0.0, 51.0, -0.46875, 0.0, 0.0, 0.0, 0.0, 0.0, 0.0, 0.0, -0.1041666641831398, 50.0, 1.0, 30.5
0.0, 0.0, 0.0, 0.0, 96.0, 0.0, 83.0, 0.0, 0.0, 0.0, 0.0, 0.0, 0.0, 0.2083333283662796, 0.0, -0.5208333134651184, 0.0, 0.0, 50.0, 1.0, 30.58333396911621
74.0, 0.0, 0.0, 0.0, 0.0, 0.0, 0.0, 0.0, 50.0, -0.78125, 0.0, 0.0, 0.0, 0.0, 0.0, 0.0, 0.0, -0.6770833134651184, 50.0, 1.0, 30.66666603088379
0.0, 127.0, 0.0, 0.0, 0.0, 0.0, 0.0, 127.0, 0.0, 0.0, -0.5208333134651184, 0.0, 0.0, 0.0, 0.0, 0.0, -0.15625, 0.0, 50.0, 1.0, 30.75
0.0, 0.0, 62.0, 0.0, 0.0, 0.0, 0.0, 0.0, 0.0, 0.0, 0.0, -0.46875, 0.0, 0.0, 0.0, 0.0, 0.0, 0.0, 50.0, 1.0, 30.83333396911621
0.0, 0.0, 0.0, 0.0, 0.0, 0.0, 99.0, 0.0, 0.0, 0.0, 0.0, 0.0, 0.0, 0.0, 0.0, 0.8333333134651184, 0.0, 0.0, 50.0, 1.0, 30.875
0.0, 0.0, 55.0, 0.0, 127.0, 0.0, 0.0, 0.0, 0.0, 0.0, 0.0, -0.1041666641831398, 0.0, -0.3645833432674408, 0.0, 0.0, 0.0, 0.0, 50.0, 1.0, 30.91666603088379
127.0, 0.0, 0.0, 0.0, 0.0, 0.0, 0.0, 93.0, 55.0, -0.1041666641831398, 0.0, 0.0, 0.0, 0.0, 0.0, 0.0, 0.0, 0.2604166567325592, 50.0, 1.0, 31.0
0.0, 0.0, 0.0, 0.0, 0.0, 0.0, 0.0, 0.0, 37.0, 0.0, 0.0, 0.0, 0.0, 0.0, 0.0, 0.0, 0.0, 0.6770833134651184, 50.0, 1.0, 31.08333396911621
69.0, 0.0, 0.0, 0.0, 0.0, 0.0, 0.0, 0.0, 65.0, -0.3125, 0.0, 0.0, 0.0, 0.0, 0.0, 0.0, 0.0, 0.2604166567325592, 50.0, 1.0, 31.16666603088379
0.0, 127.0, 0.0, 0.0, 0.0, 0.0, 0.0, 105.0, 0.0, 0.0, 0.0520833320915699, 0.0, 0.0, 0.0, 0.0, 0.0, 0.3645833432674408, 0.0, 50.0, 1.0, 31.25
0.0, 0.0, 0.0, 0.0, 0.0, 0.0, 0.0, 0.0, 60.0, 0.0, 0.0, 0.0, 0.0, 0.0, 0.0, 0.0, 0.0, 0.6770833134651184, 50.0, 1.0, 31.33333396911621
77.0, 0.0, 0.0, 0.0, 0.0, 0.0, 0.0, 0.0, 59.0, 0.5208333134651184, 0.0, 0.0, 0.0, 0.0, 0.0, 0.0, 0.0, 0.5208333134651184, 50.0, 1.0, 31.41666603088379
127.0, 0.0, 0.0, 127.0, 0.0, 0.0, 0.0, 0.0, 65.0, 0.15625, 0.0, 0.0, 0.15625, 0.0, 0.0, 0.0, 0.0, 0.8333333134651184, 50.0, 1.0, 31.5
0.0, 0.0, 0.0, 0.0, 0.0, 0.0, 0.0, 0.0, 55.0, 0.0, 0.0, 0.0, 0.0, 0.0, 0.0, 0.0, 0.0, 0.5729166865348816, 50.0, 1.0, 31.58333396911621
61.0, 0.0, 0.0, 0.0, 0.0, 0.0, 0.0, 0.0, 70.0, -0.625, 0.0, 0.0, 0.0, 0.0, 0.0, 0.0, 0.0, 0.15625, 50.0, 1.0, 31.66666603088379
0.0, 127.0, 27.0, 0.0, 0.0, 0.0, 0.0, 90.0, 0.0, 0.0, -0.2604166567325592, -1.09375, 0.0, 0.0, 0.0, 0.0, -0.15625, 0.0, 50.0, 1.0, 31.75
0.0, 0.0, 0.0, 0.0, 0.0, 0.0, 0.0, 0.0, 46.0, 0.0, 0.0, 0.0, 0.0, 0.0, 0.0, 0.0, 0.0, 0.1041666641831398, 50.0, 1.0, 31.83333396911621
75.0, 0.0, 0.0, 0.0, 0.0, 0.0, 0.0, 0.0, 50.0, 0.0, 0.0, 0.0, 0.0, 0.0, 0.0, 0.0, 0.0, 0.0, 50.0, 1.0, 31.91666603088379
99.0, 0.0, 0.0, 0.0, 0.0, 0.0, 0.0, 0.0, 62.0, 0.15625, 0.0, 0.0, 0.0, 0.0, 0.0, 0.0, 0.0, 0.3645833432674408, 50.0, 1.0, 32.0
0.0, 0.0, 0.0, 0.0, 0.0, 0.0, 0.0, 0.0, 56.0, 0.0, 0.0, 0.0, 0.0, 0.0, 0.0, 0.0, 0.0, -0.15625, 50.0, 1.0, 32.08333206176758
89.0, 0.0, 0.0, 0.0, 0.0, 0.0, 0.0, 0.0, 63.0, -0.5729166865348816, 0.0, 0.0, 0.0, 0.0, 0.0, 0.0, 0.0, -0.3125, 50.0, 1.0, 32.16666793823242
0.0, 127.0, 0.0, 0.0, 0.0, 0.0, 0.0, 80.0, 0.0, 0.0, -0.6770833134651184, 0.0, 0.0, 0.0, 0.0, 0.0, -0.6770833134651184, 0.0, 50.0, 1.0, 32.25
0.0, 0.0, 0.0, 0.0, 0.0, 0.0, 0.0, 0.0, 54.0, 0.0, 0.0, 0.0, 0.0, 0.0, 0.0, 0.0, 0.0, -0.625, 50.0, 1.0, 32.33333206176758
68.0, 0.0, 0.0, 0.0, 0.0, 0.0, 0.0, 0.0, 56.0, -0.46875, 0.0, 0.0, 0.0, 0.0, 0.0, 0.0, 0.0, -0.3645833432674408, 50.0, 1.0, 32.41666793823242
77.0, 0.0, 0.0, 0.0, 0.0, 0.0, 0.0, 0.0, 54.0, -0.15625, 0.0, 0.0, 0.0, 0.0, 0.0, 0.0, 0.0, -0.15625, 50.0, 1.0, 32.5
0.0, 0.0, 0.0, 0.0, 0.0, 0.0, 0.0, 0.0, 59.0, 0.0, 0.0, 0.0, 0.0, 0.0, 0.0, 0.0, 0.0, -0.2604166567325592, 50.0, 1.0, 32.58333206176758
82.0, 0.0, 0.0, 0.0, 0.0, 0.0, 0.0, 0.0, 65.0, -0.1041666641831398, 0.0, 0.0, 0.0, 0.0, 0.0, 0.0, 0.0, 0.0, 50.0, 1.0, 32.66666793823242
0.0, 127.0, 0.0, 0.0, 0.0, 0.0, 0.0, 80.0, 0.0, 0.0, -0.0520833320915699, 0.0, 0.0, 0.0, 0.0, 0.0, 0.1041666641831398, 0.0, 50.0, 1.0, 32.75
0.0, 0.0, 0.0, 0.0, 0.0, 0.0, 0.0, 0.0, 54.0, 0.0, 0.0, 0.0, 0.0, 0.0, 0.0, 0.0, 0.0, -0.1041666641831398, 50.0, 1.0, 32.83333206176758
68.0, 0.0, 0.0, 0.0, 0.0, 0.0, 0.0, 0.0, 49.0, -0.6770833134651184, 0.0, 0.0, 0.0, 0.0, 0.0, 0.0, 0.0, -0.5208333134651184, 50.0, 1.0, 32.91666793823242
80.0, 0.0, 0.0, 0.0, 0.0, 0.0, 0.0, 0.0, 45.0, -0.7291666865348816, 0.0, 0.0, 0.0, 0.0, 0.0, 0.0, 0.0, -0.0520833320915699, 50.0, 1.0, 33.0
0.0, 0.0, 0.0, 0.0, 0.0, 0.0, 0.0, 0.0, 51.0, 0.0, 0.0, 0.0, 0.0, 0.0, 0.0, 0.0, 0.0, -0.15625, 50.0, 1.0, 33.08333206176758
76.0, 0.0, 0.0, 0.0, 0.0, 0.0, 0.0, 0.0, 61.0, -0.3645833432674408, 0.0, 0.0, 0.0, 0.0, 0.0, 0.0, 0.0, -0.46875, 50.0, 1.0, 33.16666793823242
0.0, 127.0, 0.0, 0.0, 0.0, 0.0, 0.0, 82.0, 0.0, 0.0, -0.1041666641831398, 0.0, 0.0, 0.0, 0.0, 0.0, -7.105427357601002e-13, 0.0, 50.0, 1.0, 33.25
0.0, 0.0, 0.0, 0.0, 0.0, 0.0, 0.0, 0.0, 47.0, 0.0, 0.0, 0.0, 0.0, 0.0, 0.0, 0.0, 0.0, 0.0520833320915699, 50.0, 1.0, 33.33333206176758
71.0, 0.0, 0.0, 0.0, 0.0, 0.0, 0.0, 0.0, 51.0, -0.4166666567325592, 0.0, 0.0, 0.0, 0.0, 0.0, 0.0, 0.0, 0.0520833320915699, 50.0, 1.0, 33.41666793823242
75.0, 0.0, 0.0, 0.0, 0.0, 0.0, 0.0, 0.0, 52.0, -0.2083333283662796, 0.0, 0.0, 0.0, 0.0, 0.0, 0.0, 0.0, 0.2083333283662796, 50.0, 1.0, 33.5
0.0, 0.0, 0.0, 0.0, 0.0, 0.0, 0.0, 0.0, 52.0, 0.0, 0.0, 0.0, 0.0, 0.0, 0.0, 0.0, 0.0, -0.1041666641831398, 50.0, 1.0, 33.58333206176758
74.0, 0.0, 0.0, 0.0, 0.0, 0.0, 0.0, 0.0, 62.0, -0.5729166865348816, 0.0, 0.0, 0.0, 0.0, 0.0, 0.0, 0.0, -0.3125, 50.0, 1.0, 33.66666793823242
0.0, 127.0, 0.0, 0.0, 0.0, 0.0, 0.0, 90.0, 0.0, 0.0, -0.3125, 0.0, 0.0, 0.0, 0.0, 0.0, -0.1041666641831398, 0.0, 50.0, 1.0, 33.75
0.0, 0.0, 0.0, 0.0, 0.0, 0.0, 0.0, 0.0, 46.0, 0.0, 0.0, 0.0, 0.0, 0.0, 0.0, 0.0, 0.0, -0.3125, 50.0, 1.0, 33.83333206176758
67.0, 0.0, 0.0, 0.0, 0.0, 0.0, 0.0, 0.0, 49.0, -0.78125, 0.0, 0.0, 0.0, 0.0, 0.0, 0.0, 0.0, -0.46875, 50.0, 1.0, 33.91666793823242
73.0, 0.0, 0.0, 0.0, 0.0, 0.0, 0.0, 0.0, 45.0, -0.9895833134651184, 0.0, 0.0, 0.0, 0.0, 0.0, 0.0, 0.0, -0.46875, 50.0, 1.0, 34.0
0.0, 0.0, 0.0, 0.0, 0.0, 0.0, 0.0, 0.0, 52.0, 0.0, 0.0, 0.0, 0.0, 0.0, 0.0, 0.0, 0.0, -0.46875, 50.0, 1.0, 34.08333206176758
0.0, 127.0, 0.0, 0.0, 0.0, 0.0, 0.0, 0.0, 0.0, 0.0, -0.5208333134651184, 0.0, 0.0, 0.0, 0.0, 0.0, 0.0, 0.0, 50.0, 1.0, 34.125
0.0, 8.0, 0.0, 0.0, 0.0, 0.0, 0.0, 0.0, 47.0, 0.0, -1.8229166269302368, 0.0, 0.0, 0.0, 0.0, 0.0, 0.0, -0.8854166865348816, 50.0, 1.0, 34.16666793823242
0.0, 127.0, 0.0, 0.0, 0.0, 0.0, 0.0, 0.0, 59.0, 0.0, -0.5729166865348816, 0.0, 0.0, 0.0, 0.0, 0.0, 0.0, -0.46875, 50.0, 1.0, 34.25
0.0, 0.0, 0.0, 0.0, 0.0, 0.0, 0.0, 0.0, 57.0, 0.0, 0.0, 0.0, 0.0, 0.0, 0.0, 0.0, 0.0, -0.2083333283662796, 50.0, 1.0, 34.33333206176758
73.0, 0.0, 0.0, 0.0, 0.0, 0.0, 0.0, 0.0, 55.0, -0.5729166865348816, 0.0, 0.0, 0.0, 0.0, 0.0, 0.0, 0.0, -0.1041666641831398, 50.0, 1.0, 34.41666793823242
95.0, 0.0, 0.0, 0.0, 0.0, 0.0, 0.0, 0.0, 53.0, -0.46875, 0.0, 0.0, 0.0, 0.0, 0.0, 0.0, 0.0, -0.15625, 50.0, 1.0, 34.5
0.0, 0.0, 0.0, 0.0, 0.0, 0.0, 0.0, 0.0, 51.0, 0.0, 0.0, 0.0, 0.0, 0.0, 0.0, 0.0, 0.0, -0.2604166567325592, 50.0, 1.0, 34.58333206176758
0.0, 127.0, 0.0, 0.0, 0.0, 0.0, 0.0, 0.0, 0.0, 0.0, -0.1041666641831398, 0.0, 0.0, 0.0, 0.0, 0.0, 0.0, 0.0, 50.0, 1.0, 34.625
0.0, 7.0, 0.0, 0.0, 0.0, 0.0, 0.0, 0.0, 42.0, 0.0, -1.4583333730697632, 0.0, 0.0, 0.0, 0.0, 0.0, 0.0, 0.15625, 50.0, 1.0, 34.66666793823242
0.0, 127.0, 0.0, 0.0, 0.0, 0.0, 0.0, 0.0, 58.0, 0.0, -0.1041666641831398, 0.0, 0.0, 0.0, 0.0, 0.0, 0.0, 0.2604166567325592, 50.0, 1.0, 34.75
0.0, 0.0, 0.0, 0.0, 0.0, 0.0, 0.0, 0.0, 49.0, 0.0, 0.0, 0.0, 0.0, 0.0, 0.0, 0.0, 0.0, 0.3125, 50.0, 1.0, 34.83333206176758
8.0, 0.0, 0.0, 0.0, 0.0, 0.0, 0.0, 0.0, 0.0, -1.4583333730697632, 0.0, 0.0, 0.0, 0.0, 0.0, 0.0, 0.0, 0.0, 50.0, 1.0, 34.875
91.0, 0.0, 0.0, 0.0, 0.0, 0.0, 0.0, 0.0, 51.0, 0.0520833320915699, 0.0, 0.0, 0.0, 0.0, 0.0, 0.0, 0.0, 0.15625, 50.0, 1.0, 34.91666793823242
116.0, 0.0, 0.0, 0.0, 0.0, 0.0, 0.0, 0.0, 48.0, 0.2604166567325592, 0.0, 0.0, 0.0, 0.0, 0.0, 0.0, 0.0, 0.5208333134651184, 50.0, 1.0, 35.0
0.0, 6.0, 0.0, 0.0, 0.0, 0.0, 0.0, 0.0, 0.0, 0.0, 0.9895833134651184, 0.0, 0.0, 0.0, 0.0, 0.0, 0.0, 0.0, 50.0, 1.0, 35.04166793823242
0.0, 0.0, 0.0, 0.0, 0.0, 0.0, 0.0, 0.0, 43.0, 0.0, 0.0, 0.0, 0.0, 0.0, 0.0, 0.0, 0.0, -0.0520833320915699, 50.0, 1.0, 35.08333206176758
0.0, 127.0, 0.0, 0.0, 0.0, 0.0, 0.0, 0.0, 0.0, 0.0, -0.15625, 0.0, 0.0, 0.0, 0.0, 0.0, 0.0, 0.0, 50.0, 1.0, 35.125
0.0, 0.0, 0.0, 0.0, 0.0, 0.0, 0.0, 0.0, 50.0, 0.0, 0.0, 0.0, 0.0, 0.0, 0.0, 0.0, 0.0, -9.473902782067278e-13, 50.0, 1.0, 35.16666793823242
0.0, 127.0, 0.0, 0.0, 0.0, 0.0, 0.0, 0.0, 59.0, 0.0, -0.2604166567325592, 0.0, 0.0, 0.0, 0.0, 0.0, 0.0, 0.1041666641831398, 50.0, 1.0, 35.25
0.0, 8.0, 0.0, 0.0, 0.0, 0.0, 0.0, 0.0, 0.0, 0.0, -1.5104166269302368, 0.0, 0.0, 0.0, 0.0, 0.0, 0.0, 0.0, 50.0, 1.0, 35.29166793823242
0.0, 0.0, 0.0, 0.0, 0.0, 0.0, 0.0, 0.0, 55.0, 0.0, 0.0, 0.0, 0.0, 0.0, 0.0, 0.0, 0.0, 0.2083333283662796, 50.0, 1.0, 35.33333206176758
81.0, 0.0, 0.0, 0.0, 0.0, 0.0, 0.0, 0.0, 52.0, -0.4166666567325592, 0.0, 0.0, 0.0, 0.0, 0.0, 0.0, 0.0, 0.1041666641831398, 50.0, 1.0, 35.41666793823242
83.0, 0.0, 0.0, 0.0, 0.0, 0.0, 0.0, 0.0, 54.0, -0.3125, 0.0, 0.0, 0.0, 0.0, 0.0, 0.0, 0.0, -0.1041666641831398, 50.0, 1.0, 35.5
0.0, 5.0, 0.0, 0.0, 0.0, 0.0, 0.0, 0.0, 0.0, 0.0, -0.4166666567325592, 0.0, 0.0, 0.0, 0.0, 0.0, 0.0, 0.0, 50.0, 1.0, 35.5625
0.0, 0.0, 0.0, 0.0, 0.0, 0.0, 0.0, 0.0, 49.0, 0.0, 0.0, 0.0, 0.0, 0.0, 0.0, 0.0, 0.0, -0.2083333283662796, 50.0, 1.0, 35.58333206176758
0.0, 127.0, 0.0, 0.0, 0.0, 0.0, 0.0, 0.0, 0.0, 0.0, -0.5729166865348816, 0.0, 0.0, 0.0, 0.0, 0.0, 0.0, 0.0, 50.0, 1.0, 35.625
0.0, 5.0, 0.0, 0.0, 0.0, 0.0, 0.0, 0.0, 50.0, 0.0, -0.8333333134651184, 0.0, 0.0, 0.0, 0.0, 0.0, 0.0, -0.2604166567325592, 50.0, 1.0, 35.66666793823242
0.0, 127.0, 0.0, 0.0, 0.0, 0.0, 0.0, 0.0, 57.0, 0.0, -0.15625, 0.0, 0.0, 0.0, 0.0, 0.0, 0.0, -1.4210854715202004e-12, 50.0, 1.0, 35.75
0.0, 0.0, 0.0, 0.0, 0.0, 0.0, 0.0, 0.0, 60.0, 0.0, 0.0, 0.0, 0.0, 0.0, 0.0, 0.0, 0.0, -0.2604166567325592, 50.0, 1.0, 35.83333206176758
0.0, 0.0, 0.0, 0.0, 0.0, 0.0, 127.0, 0.0, 0.0, 0.0, 0.0, 0.0, 0.0, 0.0, 0.0, -0.5729166865348816, 0.0, 0.0, 50.0, 1.0, 35.875
0.0, 0.0, 0.0, 0.0, 127.0, 0.0, 0.0, 0.0, 0.0, 0.0, 0.0, 0.0, 0.0, -0.2604166567325592, 0.0, 0.0, 0.0, 0.0, 50.0, 1.0, 35.91666793823242
38.0, 0.0, 0.0, 0.0, 0.0, 0.0, 0.0, 0.0, 0.0, -0.5208333134651184, 0.0, 0.0, 0.0, 0.0, 0.0, 0.0, 0.0, 0.0, 50.0, 1.0, 35.95833206176758
127.0, 0.0, 0.0, 0.0, 0.0, 0.0, 0.0, 88.0, 51.0, -0.9895833134651184, 0.0, 0.0, 0.0, 0.0, 0.0, 0.0, -0.46875, -0.5729166865348816, 50.0, 1.0, 36.0
0.0, 0.0, 0.0, 0.0, 0.0, 0.0, 0.0, 0.0, 42.0, 0.0, 0.0, 0.0, 0.0, 0.0, 0.0, 0.0, 0.0, 0.15625, 50.0, 1.0, 36.08333206176758
0.0, 0.0, 0.0, 0.0, 0.0, 0.0, 0.0, 0.0, 51.0, 0.0, 0.0, 0.0, 0.0, 0.0, 0.0, 0.0, 0.0, -0.3125, 50.0, 1.0, 36.16666793823242
0.0, 127.0, 0.0, 0.0, 0.0, 0.0, 0.0, 0.0, 61.0, 0.0, -0.2083333283662796, 0.0, 0.0, 0.0, 0.0, 0.0, 0.0, -0.0520833320915699, 50.0, 1.0, 36.25
0.0, 0.0, 0.0, 0.0, 0.0, 0.0, 0.0, 0.0, 54.0, 0.0, 0.0, 0.0, 0.0, 0.0, 0.0, 0.0, 0.0, -0.1041666641831398, 50.0, 1.0, 36.33333206176758
0.0, 0.0, 0.0, 0.0, 0.0, 0.0, 0.0, 0.0, 56.0, 0.0, 0.0, 0.0, 0.0, 0.0, 0.0, 0.0, 0.0, -0.2604166567325592, 50.0, 1.0, 36.41666793823242
46.0, 0.0, 0.0, 0.0, 0.0, 0.0, 0.0, 0.0, 0.0, -0.8333333134651184, 0.0, 0.0, 0.0, 0.0, 0.0, 0.0, 0.0, 0.0, 50.0, 1.0, 36.45833206176758
95.0, 0.0, 0.0, 0.0, 0.0, 0.0, 0.0, 0.0, 66.0, -0.625, 0.0, 0.0, 0.0, 0.0, 0.0, 0.0, 0.0, -0.15625, 50.0, 1.0, 36.5
0.0, 0.0, 0.0, 0.0, 0.0, 0.0, 0.0, 0.0, 51.0, 0.0, 0.0, 0.0, 0.0, 0.0, 0.0, 0.0, 0.0, 0.1041666641831398, 50.0, 1.0, 36.58333206176758
114.0, 0.0, 0.0, 0.0, 0.0, 0.0, 0.0, 0.0, 56.0, -0.2604166567325592, 0.0, 0.0, 0.0, 0.0, 0.0, 0.0, 0.0, 0.2083333283662796, 50.0, 1.0, 36.66666793823242
0.0, 127.0, 0.0, 0.0, 0.0, 0.0, 0.0, 0.0, 55.0, 0.0, -0.15625, 0.0, 0.0, 0.0, 0.0, 0.0, 0.0, -0.0520833320915699, 50.0, 1.0, 36.75
0.0, 0.0, 0.0, 0.0, 0.0, 0.0, 0.0, 0.0, 53.0, 0.0, 0.0, 0.0, 0.0, 0.0, 0.0, 0.0, 0.0, -0.0520833320915699, 50.0, 1.0, 36.83333206176758
70.0, 0.0, 0.0, 0.0, 0.0, 0.0, 0.0, 0.0, 52.0, -0.625, 0.0, 0.0, 0.0, 0.0, 0.0, 0.0, 0.0, -0.3645833432674408, 50.0, 1.0, 36.91666793823242
124.0, 0.0, 0.0, 0.0, 0.0, 0.0, 0.0, 0.0, 54.0, -0.2604166567325592, 0.0, 0.0, 0.0, 0.0, 0.0, 0.0, 0.0, -0.2604166567325592, 50.0, 1.0, 37.0
0.0, 0.0, 0.0, 0.0, 0.0, 0.0, 0.0, 0.0, 51.0, 0.0, 0.0, 0.0, 0.0, 0.0, 0.0, 0.0, 0.0, -0.46875, 50.0, 1.0, 37.08333206176758
86.0, 0.0, 0.0, 0.0, 0.0, 0.0, 0.0, 0.0, 54.0, -0.7291666865348816, 0.0, 0.0, 0.0, 0.0, 0.0, 0.0, 0.0, -0.46875, 50.0, 1.0, 37.16666793823242
0.0, 127.0, 0.0, 0.0, 0.0, 0.0, 0.0, 0.0, 0.0, 0.0, -0.5208333134651184, 0.0, 0.0, 0.0, 0.0, 0.0, 0.0, 0.0, 50.0, 1.0, 37.25
83.0, 0.0, 0.0, 0.0, 0.0, 0.0, 0.0, 0.0, 57.0, -0.46875, 0.0, 0.0, 0.0, 0.0, 0.0, 0.0, 0.0, -0.3645833432674408, 50.0, 1.0, 37.33333206176758
0.0, 0.0, 0.0, 0.0, 0.0, 0.0, 0.0, 0.0, 56.0, 0.0, 0.0, 0.0, 0.0, 0.0, 0.0, 0.0, 0.0, -0.3125, 50.0, 1.0, 37.41666793823242
76.0, 0.0, 0.0, 0.0, 0.0, 0.0, 0.0, 0.0, 58.0, -0.4166666567325592, 0.0, 0.0, 0.0, 0.0, 0.0, 0.0, 0.0, -0.3125, 50.0, 1.0, 37.5
0.0, 0.0, 0.0, 0.0, 0.0, 0.0, 0.0, 0.0, 59.0, 0.0, 0.0, 0.0, 0.0, 0.0, 0.0, 0.0, 0.0, -0.46875, 50.0, 1.0, 37.58333206176758
77.0, 0.0, 0.0, 0.0, 0.0, 0.0, 0.0, 0.0, 51.0, -1.09375, 0.0, 0.0, 0.0, 0.0, 0.0, 0.0, 0.0, -0.7291666865348816, 50.0, 1.0, 37.66666793823242
0.0, 127.0, 0.0, 0.0, 0.0, 0.0, 0.0, 0.0, 57.0, 0.0, -0.8854166865348816, 0.0, 0.0, 0.0, 0.0, 0.0, 0.0, -0.8854166865348816, 50.0, 1.0, 37.75
76.0, 0.0, 0.0, 0.0, 0.0, 0.0, 0.0, 0.0, 76.0, -0.9375, 0.0, 0.0, 0.0, 0.0, 0.0, 0.0, 0.0, -0.3645833432674408, 50.0, 1.0, 37.83333206176758
0.0, 0.0, 0.0, 0.0, 127.0, 0.0, 127.0, 0.0, 0.0, 0.0, 0.0, 0.0, 0.0, 0.2604166567325592, 0.0, -0.625, 0.0, 0.0, 50.0, 1.0, 37.91666793823242
127.0, 0.0, 0.0, 0.0, 0.0, 0.0, 0.0, 81.0, 0.0, -0.46875, 0.0, 0.0, 0.0, 0.0, 0.0, 0.0, -1.4210854715202004e-12, 0.0, 50.0, 1.0, 38.0
0.0, 0.0, 0.0, 0.0, 0.0, 0.0, 0.0, 0.0, 37.0, 0.0, 0.0, 0.0, 0.0, 0.0, 0.0, 0.0, 0.0, -0.4166666567325592, 50.0, 1.0, 38.08333206176758
74.0, 0.0, 0.0, 0.0, 0.0, 0.0, 0.0, 0.0, 53.0, -0.5729166865348816, 0.0, 0.0, 0.0, 0.0, 0.0, 0.0, 0.0, -0.15625, 50.0, 1.0, 38.16666793823242
0.0, 127.0, 0.0, 0.0, 0.0, 0.0, 0.0, 0.0, 69.0, 0.0, -1.8947805564134557e-12, 0.0, 0.0, 0.0, 0.0, 0.0, 0.0, 0.0520833320915699, 50.0, 1.0, 38.25
0.0, 0.0, 0.0, 0.0, 0.0, 0.0, 0.0, 0.0, 56.0, 0.0, 0.0, 0.0, 0.0, 0.0, 0.0, 0.0, 0.0, 0.3645833432674408, 50.0, 1.0, 38.33333206176758
72.0, 0.0, 0.0, 0.0, 0.0, 0.0, 0.0, 0.0, 61.0, 0.0520833320915699, 0.0, 0.0, 0.0, 0.0, 0.0, 0.0, 0.0, 0.3125, 50.0, 1.0, 38.41666793823242
0.0, 7.0, 0.0, 0.0, 0.0, 0.0, 0.0, 0.0, 0.0, 0.0, 2.0833332538604736, 0.0, 0.0, 0.0, 0.0, 0.0, 0.0, 0.0, 50.0, 1.0, 38.45833206176758
74.0, 0.0, 0.0, 0.0, 0.0, 0.0, 0.0, 0.0, 51.0, 0.5208333134651184, 0.0, 0.0, 0.0, 0.0, 0.0, 0.0, 0.0, 0.5208333134651184, 50.0, 1.0, 38.5
0.0, 0.0, 0.0, 0.0, 0.0, 0.0, 0.0, 0.0, 57.0, 0.0, 0.0, 0.0, 0.0, 0.0, 0.0, 0.0, 0.0, 0.1041666641831398, 50.0, 1.0, 38.58333206176758
0.0, 125.0, 0.0, 0.0, 0.0, 0.0, 0.0, 0.0, 0.0, 0.0, -0.15625, 0.0, 0.0, 0.0, 0.0, 0.0, 0.0, 0.0, 50.0, 1.0, 38.625
0.0, 5.0, 0.0, 0.0, 0.0, 0.0, 0.0, 0.0, 56.0, 0.0, -0.4166666567325592, 0.0, 0.0, 0.0, 0.0, 0.0, 0.0, -0.1041666641831398, 50.0, 1.0, 38.66666793823242
0.0, 127.0, 0.0, 0.0, 0.0, 0.0, 0.0, 0.0, 64.0, 0.0, -0.1041666641831398, 0.0, 0.0, 0.0, 0.0, 0.0, 0.0, 0.2604166567325592, 50.0, 1.0, 38.75
0.0, 0.0, 0.0, 0.0, 0.0, 0.0, 0.0, 0.0, 51.0, 0.0, 0.0, 0.0, 0.0, 0.0, 0.0, 0.0, 0.0, 0.1041666641831398, 50.0, 1.0, 38.83333206176758
70.0, 0.0, 0.0, 0.0, 0.0, 0.0, 0.0, 0.0, 59.0, -0.46875, 0.0, 0.0, 0.0, 0.0, 0.0, 0.0, 0.0, -0.0520833320915699, 50.0, 1.0, 38.91666793823242
0.0, 5.0, 0.0, 0.0, 0.0, 0.0, 0.0, 0.0, 0.0, 0.0, -0.5729166865348816, 0.0, 0.0, 0.0, 0.0, 0.0, 0.0, 0.0, 50.0, 1.0, 38.95833206176758
84.0, 0.0, 0.0, 0.0, 0.0, 0.0, 0.0, 0.0, 55.0, -0.0520833320915699, 0.0, 0.0, 0.0, 0.0, 0.0, 0.0, 0.0, 0.0520833320915699, 50.0, 1.0, 39.0
0.0, 0.0, 0.0, 0.0, 0.0, 0.0, 0.0, 0.0, 40.0, 0.0, 0.0, 0.0, 0.0, 0.0, 0.0, 0.0, 0.0, -0.2083333283662796, 50.0, 1.0, 39.08333206176758
0.0, 127.0, 0.0, 0.0, 0.0, 0.0, 0.0, 0.0, 0.0, 0.0, -0.46875, 0.0, 0.0, 0.0, 0.0, 0.0, 0.0, 0.0, 50.0, 1.0, 39.125
0.0, 6.0, 0.0, 0.0, 0.0, 0.0, 0.0, 0.0, 55.0, 0.0, -1.6666666269302368, 0.0, 0.0, 0.0, 0.0, 0.0, 0.0, -0.0520833320915699, 50.0, 1.0, 39.16666793823242
0.0, 127.0, 0.0, 0.0, 0.0, 0.0, 0.0, 0.0, 59.0, 0.0, -0.1041666641831398, 0.0, 0.0, 0.0, 0.0, 0.0, 0.0, -0.0520833320915699, 50.0, 1.0, 39.25
0.0, 0.0, 0.0, 0.0, 0.0, 0.0, 0.0, 0.0, 54.0, 0.0, 0.0, 0.0, 0.0, 0.0, 0.0, 0.0, 0.0, -0.15625, 50.0, 1.0, 39.33333206176758
55.0, 0.0, 0.0, 0.0, 0.0, 0.0, 0.0, 0.0, 0.0, -0.5208333134651184, 0.0, 0.0, 0.0, 0.0, 0.0, 0.0, 0.0, 0.0, 50.0, 1.0, 39.375
87.0, 0.0, 0.0, 0.0, 0.0, 0.0, 0.0, 0.0, 55.0, 0.0520833320915699, 0.0, 0.0, 0.0, 0.0, 0.0, 0.0, 0.0, -0.5208333134651184, 50.0, 1.0, 39.41666793823242
0.0, 17.0, 0.0, 0.0, 0.0, 0.0, 0.0, 0.0, 0.0, 0.0, 0.0520833320915699, 0.0, 0.0, 0.0, 0.0, 0.0, 0.0, 0.0, 50.0, 1.0, 39.45833206176758
116.0, 0.0, 0.0, 0.0, 0.0, 0.0, 0.0, 0.0, 51.0, -0.3125, 0.0, 0.0, 0.0, 0.0, 0.0, 0.0, 0.0, -0.2604166567325592, 50.0, 1.0, 39.5
0.0, 8.0, 0.0, 0.0, 0.0, 0.0, 0.0, 0.0, 0.0, 0.0, -0.8333333134651184, 0.0, 0.0, 0.0, 0.0, 0.0, 0.0, 0.0, 50.0, 1.0, 39.54166793823242
0.0, 0.0, 0.0, 0.0, 0.0, 0.0, 0.0, 0.0, 48.0, 0.0, 0.0, 0.0, 0.0, 0.0, 0.0, 0.0, 0.0, -0.5208333134651184, 50.0, 1.0, 39.58333206176758
0.0, 116.0, 0.0, 0.0, 0.0, 0.0, 0.0, 0.0, 0.0, 0.0, -0.5208333134651184, 0.0, 0.0, 0.0, 0.0, 0.0, 0.0, 0.0, 50.0, 1.0, 39.625
0.0, 0.0, 0.0, 0.0, 0.0, 0.0, 0.0, 0.0, 52.0, 0.0, 0.0, 0.0, 0.0, 0.0, 0.0, 0.0, 0.0, -0.4166666567325592, 50.0, 1.0, 39.66666793823242
0.0, 12.0, 0.0, 0.0, 0.0, 0.0, 0.0, 0.0, 0.0, 0.0, -0.5208333134651184, 0.0, 0.0, 0.0, 0.0, 0.0, 0.0, 0.0, 50.0, 1.0, 39.70833206176758
81.0, 0.0, 0.0, 0.0, 0.0, 0.0, 0.0, 0.0, 59.0, -0.5208333134651184, 0.0, 0.0, 0.0, 0.0, 0.0, 0.0, 0.0, -0.2083333283662796, 50.0, 1.0, 39.75
0.0, 81.0, 0.0, 0.0, 0.0, 0.0, 0.0, 0.0, 0.0, 0.0, -0.7291666865348816, 0.0, 0.0, 0.0, 0.0, 0.0, 0.0, 0.0, 50.0, 1.0, 39.79166793823242
0.0, 108.0, 0.0, 0.0, 0.0, 0.0, 0.0, 0.0, 0.0, 0.0, -0.7291666865348816, 0.0, 0.0, 0.0, 0.0, 0.0, 0.0, 0.0, 50.0, 1.0, 39.83333206176758
0.0, 115.0, 0.0, 0.0, 0.0, 0.0, 0.0, 0.0, 0.0, 0.0, -0.8854166865348816, 0.0, 0.0, 0.0, 0.0, 0.0, 0.0, 0.0, 50.0, 1.0, 39.875
0.0, 112.0, 0.0, 0.0, 0.0, 0.0, 0.0, 0.0, 0.0, 0.0, -1.09375, 0.0, 0.0, 0.0, 0.0, 0.0, 0.0, 0.0, 50.0, 1.0, 39.91666793823242
0.0, 127.0, 0.0, 0.0, 0.0, 0.0, 0.0, 0.0, 0.0, 0.0, 0.78125, 0.0, 0.0, 0.0, 0.0, 0.0, 0.0, 0.0, 50.0, 1.0, 39.9375
127.0, 0.0, 0.0, 0.0, 0.0, 0.0, 0.0, 91.0, 0.0, -1.3020833730697632, 0.0, 0.0, 0.0, 0.0, 0.0, 0.0, -1.09375, 0.0, 50.0, 1.0, 40.0
7.0, 0.0, 0.0, 0.0, 0.0, 0.0, 0.0, 0.0, 0.0, 0.1041666641831398, 0.0, 0.0, 0.0, 0.0, 0.0, 0.0, 0.0, 0.0, 50.0, 1.0, 40.04166793823242
0.0, 0.0, 0.0, 0.0, 0.0, 0.0, 0.0, 0.0, 46.0, 0.0, 0.0, 0.0, 0.0, 0.0, 0.0, 0.0, 0.0, 1.0416666269302368, 50.0, 1.0, 40.0625
100.0, 0.0, 0.0, 0.0, 0.0, 0.0, 0.0, 0.0, 64.0, -1.25, 0.0, 0.0, 0.0, 0.0, 0.0, 0.0, 0.0, -0.5729166865348816, 50.0, 1.0, 40.16666793823242
0.0, 127.0, 0.0, 0.0, 0.0, 0.0, 0.0, 97.0, 0.0, 0.0, -0.6770833134651184, 0.0, 0.0, 0.0, 0.0, 0.0, -0.5729166865348816, 0.0, 50.0, 1.0, 40.25
0.0, 14.0, 0.0, 0.0, 0.0, 0.0, 0.0, 0.0, 0.0, 0.0, -1.6666666269302368, 0.0, 0.0, 0.0, 0.0, 0.0, 0.0, 0.0, 50.0, 1.0, 40.29166793823242
0.0, 0.0, 0.0, 0.0, 0.0, 0.0, 0.0, 0.0, 52.0, 0.0, 0.0, 0.0, 0.0, 0.0, 0.0, 0.0, 0.0, -0.3125, 50.0, 1.0, 40.33333206176758
0.0, 0.0, 0.0, 0.0, 119.0, 0.0, 39.0, 0.0, 0.0, 0.0, 0.0, 0.0, 0.0, 1.6145833730697632, 0.0, -0.0520833320915699, 0.0, 0.0, 50.0, 1.0, 40.375
127.0, 0.0, 0.0, 0.0, 0.0, 0.0, 0.0, 0.0, 0.0, -0.7291666865348816, 0.0, 0.0, 0.0, 0.0, 0.0, 0.0, 0.0, 0.0, 50.0, 1.0, 40.41666793823242
127.0, 0.0, 0.0, 0.0, 0.0, 0.0, 0.0, 0.0, 65.0, -0.2604166567325592, 0.0, 0.0, 0.0, 0.0, 0.0, 0.0, 0.0, 0.0520833320915699, 50.0, 1.0, 40.5
0.0, 0.0, 0.0, 0.0, 0.0, 0.0, 0.0, 0.0, 55.0, 0.0, 0.0, 0.0, 0.0, 0.0, 0.0, 0.0, 0.0, 0.1041666641831398, 50.0, 1.0, 40.58333206176758
94.0, 0.0, 0.0, 0.0, 0.0, 0.0, 0.0, 0.0, 73.0, -0.6770833134651184, 0.0, 0.0, 0.0, 0.0, 0.0, 0.0, 0.0, -0.2604166567325592, 50.0, 1.0, 40.66666793823242
0.0, 127.0, 0.0, 0.0, 0.0, 0.0, 0.0, 73.0, 0.0, 0.0, -0.2604166567325592, 0.0, 0.0, 0.0, 0.0, 0.0, -0.0520833320915699, 0.0, 50.0, 1.0, 40.75
0.0, 11.0, 0.0, 0.0, 0.0, 0.0, 0.0, 0.0, 0.0, 0.0, -1.5104166269302368, 0.0, 0.0, 0.0, 0.0, 0.0, 0.0, 0.0, 50.0, 1.0, 40.79166793823242
0.0, 0.0, 0.0, 0.0, 0.0, 0.0, 0.0, 0.0, 53.0, 0.0, 0.0, 0.0, 0.0, 0.0, 0.0, 0.0, 0.0, -0.0520833320915699, 50.0, 1.0, 40.83333206176758
0.0, 0.0, 0.0, 0.0, 108.0, 0.0, 13.0, 0.0, 0.0, 0.0, 0.0, 0.0, 0.0, 1.5104166269302368, 0.0, -0.0520833320915699, 0.0, 0.0, 50.0, 1.0, 40.875
73.0, 0.0, 0.0, 0.0, 0.0, 0.0, 0.0, 0.0, 0.0, -0.8854166865348816, 0.0, 0.0, 0.0, 0.0, 0.0, 0.0, 0.0, 0.0, 50.0, 1.0, 40.91666793823242
102.0, 0.0, 0.0, 0.0, 0.0, 0.0, 0.0, 0.0, 51.0, -0.7291666865348816, 0.0, 0.0, 0.0, 0.0, 0.0, 0.0, 0.0, -0.15625, 50.0, 1.0, 41.0
0.0, 0.0, 0.0, 0.0, 0.0, 0.0, 0.0, 0.0, 59.0, 0.0, 0.0, 0.0, 0.0, 0.0, 0.0, 0.0, 0.0, -0.4166666567325592, 50.0, 1.0, 41.08333206176758
69.0, 0.0, 0.0, 0.0, 0.0, 0.0, 0.0, 0.0, 62.0, -0.8333333134651184, 0.0, 0.0, 0.0, 0.0, 0.0, 0.0, 0.0, -0.3125, 50.0, 1.0, 41.16666793823242
0.0, 127.0, 0.0, 0.0, 0.0, 0.0, 0.0, 0.0, 58.0, 0.0, -0.3125, 0.0, 0.0, 0.0, 0.0, 0.0, 0.0, -0.0520833320915699, 50.0, 1.0, 41.25
0.0, 7.0, 0.0, 0.0, 0.0, 0.0, 0.0, 0.0, 53.0, 0.0, -0.7291666865348816, 0.0, 0.0, 0.0, 0.0, 0.0, 0.0, -0.2083333283662796, 50.0, 1.0, 41.33333206176758
0.0, 29.0, 0.0, 0.0, 0.0, 0.0, 0.0, 0.0, 0.0, 0.0, 0.46875, 0.0, 0.0, 0.0, 0.0, 0.0, 0.0, 0.0, 50.0, 1.0, 41.375
73.0, 0.0, 0.0, 0.0, 0.0, 0.0, 0.0, 0.0, 51.0, -0.8854166865348816, 0.0, 0.0, 0.0, 0.0, 0.0, 0.0, 0.0, -0.4166666567325592, 50.0, 1.0, 41.41666793823242
106.0, 0.0, 0.0, 0.0, 0.0, 0.0, 0.0, 0.0, 56.0, -0.3645833432674408, 0.0, 0.0, 0.0, 0.0, 0.0, 0.0, 0.0, -0.2083333283662796, 50.0, 1.0, 41.5
0.0, 0.0, 0.0, 0.0, 0.0, 0.0, 0.0, 0.0, 50.0, 0.0, 0.0, 0.0, 0.0, 0.0, 0.0, 0.0, 0.0, -2.8421709430404007e-12, 50.0, 1.0, 41.58333206176758
0.0, 127.0, 0.0, 0.0, 0.0, 0.0, 0.0, 0.0, 0.0, 0.0, -0.15625, 0.0, 0.0, 0.0, 0.0, 0.0, 0.0, 0.0, 50.0, 1.0, 41.625
0.0, 127.0, 0.0, 0.0, 0.0, 0.0, 0.0, 0.0, 0.0, 0.0, -0.1041666641831398, 0.0, 0.0, 0.0, 0.0, 0.0, 0.0, 0.0, 50.0, 1.0, 41.66666793823242
0.0, 127.0, 0.0, 0.0, 0.0, 0.0, 0.0, 0.0, 61.0, 0.0, -0.4166666567325592, 0.0, 0.0, 0.0, 0.0, 0.0, 0.0, -0.3125, 50.0, 1.0, 41.75
66.0, 0.0, 0.0, 0.0, 0.0, 0.0, 0.0, 0.0, 55.0, -0.15625, 0.0, 0.0, 0.0, 0.0, 0.0, 0.0, 0.0, -0.1041666641831398, 50.0, 1.0, 41.83333206176758
0.0, 0.0, 0.0, 0.0, 119.0, 0.0, 115.0, 0.0, 0.0, 0.0, 0.0, 0.0, 0.0, 0.1041666641831398, 0.0, -0.5729166865348816, 0.0, 0.0, 50.0, 1.0, 41.91666793823242
122.0, 0.0, 0.0, 0.0, 0.0, 0.0, 0.0, 66.0, 64.0, -0.2604166567325592, 0.0, 0.0, 0.0, 0.0, 0.0, 0.0, -2.8421709430404007e-12, 0.0520833320915699, 50.0, 1.0, 42.0
0.0, 0.0, 0.0, 0.0, 0.0, 0.0, 0.0, 0.0, 39.0, 0.0, 0.0, 0.0, 0.0, 0.0, 0.0, 0.0, 0.0, -0.3125, 50.0, 1.0, 42.08333206176758
58.0, 0.0, 0.0, 0.0, 0.0, 0.0, 0.0, 0.0, 57.0, -0.9895833134651184, 0.0, 0.0, 0.0, 0.0, 0.0, 0.0, 0.0, -0.7291666865348816, 50.0, 1.0, 42.16666793823242
0.0, 127.0, 0.0, 0.0, 0.0, 0.0, 0.0, 93.0, 0.0, 0.0, -0.5729166865348816, 0.0, 0.0, 0.0, 0.0, 0.0, -0.2604166567325592, 0.0, 50.0, 1.0, 42.25
0.0, 0.0, 0.0, 0.0, 0.0, 0.0, 0.0, 0.0, 52.0, 0.0, 0.0, 0.0, 0.0, 0.0, 0.0, 0.0, 0.0, 0.2604166567325592, 50.0, 1.0, 42.33333206176758
0.0, 17.0, 0.0, 0.0, 0.0, 0.0, 0.0, 0.0, 0.0, 0.0, 2.0833332538604736, 0.0, 0.0, 0.0, 0.0, 0.0, 0.0, 0.0, 50.0, 1.0, 42.375
70.0, 0.0, 0.0, 0.0, 0.0, 0.0, 0.0, 0.0, 67.0, -0.5729166865348816, 0.0, 0.0, 0.0, 0.0, 0.0, 0.0, 0.0, -0.3125, 50.0, 1.0, 42.41666793823242
73.0, 0.0, 0.0, 0.0, 0.0, 0.0, 0.0, 0.0, 59.0, -2.8421709430404007e-12, 0.0, 0.0, 0.0, 0.0, 0.0, 0.0, 0.0, -0.3645833432674408, 50.0, 1.0, 42.5
0.0, 6.0, 0.0, 0.0, 0.0, 0.0, 0.0, 0.0, 0.0, 0.0, 0.0520833320915699, 0.0, 0.0, 0.0, 0.0, 0.0, 0.0, 0.0, 50.0, 1.0, 42.54166793823242
0.0, 0.0, 0.0, 0.0, 0.0, 0.0, 0.0, 0.0, 52.0, 0.0, 0.0, 0.0, 0.0, 0.0, 0.0, 0.0, 0.0, -0.1041666641831398, 50.0, 1.0, 42.58333206176758
0.0, 0.0, 0.0, 0.0, 0.0, 0.0, 0.0, 0.0, 62.0, 0.0, 0.0, 0.0, 0.0, 0.0, 0.0, 0.0, 0.0, -0.5208333134651184, 50.0, 1.0, 42.66666793823242
0.0, 127.0, 0.0, 0.0, 0.0, 0.0, 0.0, 0.0, 62.0, 0.0, -0.9895833134651184, 0.0, 0.0, 0.0, 0.0, 0.0, 0.0, -0.78125, 50.0, 1.0, 42.75
0.0, 0.0, 0.0, 0.0, 0.0, 0.0, 0.0, 0.0, 52.0, 0.0, 0.0, 0.0, 0.0, 0.0, 0.0, 0.0, 0.0, -0.3645833432674408, 50.0, 1.0, 42.83333206176758
62.0, 0.0, 0.0, 0.0, 0.0, 0.0, 0.0, 0.0, 55.0, -0.78125, 0.0, 0.0, 0.0, 0.0, 0.0, 0.0, 0.0, -0.2604166567325592, 50.0, 1.0, 42.91666793823242
0.0, 5.0, 0.0, 0.0, 0.0, 0.0, 0.0, 0.0, 0.0, 0.0, -0.15625, 0.0, 0.0, 0.0, 0.0, 0.0, 0.0, 0.0, 50.0, 1.0, 42.95833206176758
86.0, 0.0, 0.0, 0.0, 0.0, 0.0, 0.0, 0.0, 59.0, -0.2083333283662796, 0.0, 0.0, 0.0, 0.0, 0.0, 0.0, 0.0, -0.1041666641831398, 50.0, 1.0, 43.0
0.0, 0.0, 0.0, 0.0, 0.0, 0.0, 0.0, 0.0, 62.0, 0.0, 0.0, 0.0, 0.0, 0.0, 0.0, 0.0, 0.0, 0.0520833320915699, 50.0, 1.0, 43.08333206176758
0.0, 24.0, 0.0, 0.0, 0.0, 0.0, 0.0, 0.0, 0.0, 0.0, 0.15625, 0.0, 0.0, 0.0, 0.0, 0.0, 0.0, 0.0, 50.0, 1.0, 43.125
0.0, 73.0, 0.0, 0.0, 0.0, 0.0, 0.0, 0.0, 53.0, 0.0, -0.15625, 0.0, 0.0, 0.0, 0.0, 0.0, 0.0, 0.2083333283662796, 50.0, 1.0, 43.16666793823242
0.0, 127.0, 0.0, 0.0, 0.0, 0.0, 0.0, 0.0, 61.0, 0.0, 0.0520833320915699, 0.0, 0.0, 0.0, 0.0, 0.0, 0.0, 0.2604166567325592, 50.0, 1.0, 43.25
0.0, 8.0, 0.0, 0.0, 0.0, 0.0, 0.0, 0.0, 0.0, 0.0, -1.25, 0.0, 0.0, 0.0, 0.0, 0.0, 0.0, 0.0, 50.0, 1.0, 43.29166793823242
0.0, 0.0, 0.0, 0.0, 0.0, 0.0, 0.0, 0.0, 57.0, 0.0, 0.0, 0.0, 0.0, 0.0, 0.0, 0.0, 0.0, 0.15625, 50.0, 1.0, 43.33333206176758
0.0, 34.0, 0.0, 0.0, 0.0, 0.0, 0.0, 0.0, 0.0, 0.0, 1.9270833730697632, 0.0, 0.0, 0.0, 0.0, 0.0, 0.0, 0.0, 50.0, 1.0, 43.375
66.0, 0.0, 0.0, 0.0, 0.0, 0.0, 0.0, 0.0, 67.0, -0.2083333283662796, 0.0, 0.0, 0.0, 0.0, 0.0, 0.0, 0.0, -0.0520833320915699, 50.0, 1.0, 43.41666793823242
84.0, 0.0, 0.0, 0.0, 0.0, 0.0, 0.0, 0.0, 52.0, -0.2083333283662796, 0.0, 0.0, 0.0, 0.0, 0.0, 0.0, 0.0, -0.15625, 50.0, 1.0, 43.5
0.0, 7.0, 0.0, 0.0, 0.0, 0.0, 0.0, 0.0, 0.0, 0.0, -0.2083333283662796, 0.0, 0.0, 0.0, 0.0, 0.0, 0.0, 0.0, 50.0, 1.0, 43.54166793823242
0.0, 0.0, 0.0, 0.0, 0.0, 0.0, 0.0, 0.0, 51.0, 0.0, 0.0, 0.0, 0.0, 0.0, 0.0, 0.0, 0.0, -0.2604166567325592, 50.0, 1.0, 43.58333206176758
0.0, 61.0, 0.0, 0.0, 0.0, 0.0, 0.0, 0.0, 0.0, 0.0, -0.2604166567325592, 0.0, 0.0, 0.0, 0.0, 0.0, 0.0, 0.0, 50.0, 1.0, 43.625
0.0, 118.0, 0.0, 0.0, 0.0, 0.0, 0.0, 0.0, 55.0, 0.0, -0.46875, 0.0, 0.0, 0.0, 0.0, 0.0, 0.0, -0.15625, 50.0, 1.0, 43.66666793823242
0.0, 127.0, 0.0, 0.0, 0.0, 0.0, 0.0, 0.0, 56.0, 0.0, -0.0520833320915699, 0.0, 0.0, 0.0, 0.0, 0.0, 0.0, -3.552713678800501e-12, 50.0, 1.0, 43.75
65.0, 0.0, 0.0, 0.0, 0.0, 0.0, 0.0, 0.0, 0.0, 0.4166666567325592, 0.0, 0.0, 0.0, 0.0, 0.0, 0.0, 0.0, 0.0, 50.0, 1.0, 43.79166793823242
0.0, 0.0, 0.0, 0.0, 0.0, 0.0, 0.0, 0.0, 66.0, 0.0, 0.0, 0.0, 0.0, 0.0, 0.0, 0.0, 0.0, -0.0520833320915699, 50.0, 1.0, 43.83333206176758
0.0, 0.0, 0.0, 0.0, 0.0, 0.0, 127.0, 0.0, 0.0, 0.0, 0.0, 0.0, 0.0, 0.0, 0.0, -0.1041666641831398, 0.0, 0.0, 50.0, 1.0, 43.875
0.0, 0.0, 57.0, 0.0, 65.0, 0.0, 0.0, 0.0, 0.0, 0.0, 0.0, -0.46875, 0.0, -0.1041666641831398, 0.0, 0.0, 0.0, 0.0, 50.0, 1.0, 43.91666793823242
41.0, 0.0, 0.0, 0.0, 0.0, 0.0, 0.0, 0.0, 0.0, -0.8333333134651184, 0.0, 0.0, 0.0, 0.0, 0.0, 0.0, 0.0, 0.0, 50.0, 1.0, 43.95833206176758
116.0, 0.0, 0.0, 0.0, 0.0, 0.0, 0.0, 81.0, 71.0, -1.09375, 0.0, 0.0, 0.0, 0.0, 0.0, 0.0, -0.6770833134651184, -0.4166666567325592, 50.0, 1.0, 44.0
0.0, 0.0, 0.0, 0.0, 0.0, 0.0, 0.0, 0.0, 49.0, 0.0, 0.0, 0.0, 0.0, 0.0, 0.0, 0.0, 0.0, -0.0520833320915699, 50.0, 1.0, 44.08333206176758
53.0, 0.0, 0.0, 0.0, 0.0, 0.0, 0.0, 0.0, 52.0, -0.625, 0.0, 0.0, 0.0, 0.0, 0.0, 0.0, 0.0, -0.3645833432674408, 50.0, 1.0, 44.16666793823242
70.0, 0.0, 0.0, 0.0, 0.0, 0.0, 0.0, 0.0, 0.0, -0.5208333134651184, 0.0, 0.0, 0.0, 0.0, 0.0, 0.0, 0.0, 0.0, 50.0, 1.0, 44.20833206176758
0.0, 127.0, 0.0, 0.0, 0.0, 0.0, 0.0, 97.0, 0.0, 0.0, -0.0520833320915699, 0.0, 0.0, 0.0, 0.0, 0.0, -0.0520833320915699, 0.0, 50.0, 1.0, 44.25
0.0, 0.0, 0.0, 0.0, 0.0, 0.0, 0.0, 0.0, 52.0, 0.0, 0.0, 0.0, 0.0, 0.0, 0.0, 0.0, 0.0, 0.0520833320915699, 50.0, 1.0, 44.33333206176758
0.0, 26.0, 0.0, 0.0, 0.0, 0.0, 0.0, 0.0, 0.0, 0.0, 1.1979166269302368, 0.0, 0.0, 0.0, 0.0, 0.0, 0.0, 0.0, 50.0, 1.0, 44.375
67.0, 0.0, 0.0, 0.0, 0.0, 0.0, 0.0, 0.0, 58.0, -0.3645833432674408, 0.0, 0.0, 0.0, 0.0, 0.0, 0.0, 0.0, -0.2604166567325592, 50.0, 1.0, 44.41666793823242
0.0, 13.0, 0.0, 0.0, 0.0, 0.0, 0.0, 0.0, 0.0, 0.0, -0.1041666641831398, 0.0, 0.0, 0.0, 0.0, 0.0, 0.0, 0.0, 50.0, 1.0, 44.45833206176758
88.0, 0.0, 0.0, 0.0, 0.0, 0.0, 0.0, 0.0, 55.0, -3.552713678800501e-12, 0.0, 0.0, 0.0, 0.0, 0.0, 0.0, 0.0, -3.552713678800501e-12, 50.0, 1.0, 44.5
0.0, 13.0, 0.0, 0.0, 0.0, 0.0, 0.0, 0.0, 0.0, 0.0, 0.1041666641831398, 0.0, 0.0, 0.0, 0.0, 0.0, 0.0, 0.0, 50.0, 1.0, 44.54166793823242
0.0, 0.0, 0.0, 0.0, 0.0, 0.0, 0.0, 0.0, 69.0, 0.0, 0.0, 0.0, 0.0, 0.0, 0.0, 0.0, 0.0, -0.2083333283662796, 50.0, 1.0, 44.58333206176758
0.0, 15.0, 0.0, 0.0, 0.0, 0.0, 0.0, 0.0, 0.0, 0.0, -0.7291666865348816, 0.0, 0.0, 0.0, 0.0, 0.0, 0.0, 0.0, 50.0, 1.0, 44.625
51.0, 0.0, 0.0, 0.0, 0.0, 0.0, 0.0, 0.0, 59.0, -1.1979166269302368, 0.0, 0.0, 0.0, 0.0, 0.0, 0.0, 0.0, -0.8333333134651184, 50.0, 1.0, 44.66666793823242
63.0, 0.0, 0.0, 0.0, 0.0, 0.0, 0.0, 0.0, 0.0, 0.9895833134651184, 0.0, 0.0, 0.0, 0.0, 0.0, 0.0, 0.0, 0.0, 50.0, 1.0, 44.6875
0.0, 127.0, 0.0, 0.0, 0.0, 0.0, 0.0, 100.0, 0.0, 0.0, -0.8854166865348816, 0.0, 0.0, 0.0, 0.0, 0.0, -0.78125, 0.0, 50.0, 1.0, 44.75
0.0, 0.0, 0.0, 0.0, 0.0, 0.0, 0.0, 0.0, 51.0, 0.0, 0.0, 0.0, 0.0, 0.0, 0.0, 0.0, 0.0, -0.4166666567325592, 50.0, 1.0, 44.83333206176758
0.0, 0.0, 0.0, 0.0, 102.0, 0.0, 47.0, 0.0, 0.0, 0.0, 0.0, 0.0, 0.0, -0.2083333283662796, 0.0, -0.625, 0.0, 0.0, 50.0, 1.0, 44.875
0.0, 0.0, 0.0, 0.0, 113.0, 0.0, 104.0, 0.0, 0.0, 0.0, 0.0, 0.0, 0.0, -0.625, 0.0, -1.1458333730697632, 0.0, 0.0, 50.0, 1.0, 44.91666793823242
41.0, 0.0, 0.0, 0.0, 0.0, 0.0, 0.0, 0.0, 0.0, -0.6770833134651184, 0.0, 0.0, 0.0, 0.0, 0.0, 0.0, 0.0, 0.0, 50.0, 1.0, 44.95833206176758
79.0, 0.0, 0.0, 0.0, 0.0, 0.0, 0.0, 0.0, 65.0, -0.8333333134651184, 0.0, 0.0, 0.0, 0.0, 0.0, 0.0, 0.0, -0.625, 50.0, 1.0, 45.0
0.0, 8.0, 0.0, 0.0, 0.0, 0.0, 0.0, 0.0, 0.0, 0.0, -0.2604166567325592, 0.0, 0.0, 0.0, 0.0, 0.0, 0.0, 0.0, 50.0, 1.0, 45.04166793823242
0.0, 0.0, 0.0, 0.0, 0.0, 0.0, 0.0, 0.0, 51.0, 0.0, 0.0, 0.0, 0.0, 0.0, 0.0, 0.0, 0.0, -0.46875, 50.0, 1.0, 45.08333206176758
0.0, 7.0, 0.0, 0.0, 0.0, 0.0, 0.0, 0.0, 0.0, 0.0, -0.625, 0.0, 0.0, 0.0, 0.0, 0.0, 0.0, 0.0, 50.0, 1.0, 45.125
51.0, 0.0, 0.0, 0.0, 0.0, 0.0, 0.0, 0.0, 58.0, -0.9895833134651184, 0.0, 0.0, 0.0, 0.0, 0.0, 0.0, 0.0, -0.5208333134651184, 50.0, 1.0, 45.16666793823242
65.0, 0.0, 0.0, 0.0, 0.0, 0.0, 0.0, 0.0, 0.0, -0.9375, 0.0, 0.0, 0.0, 0.0, 0.0, 0.0, 0.0, 0.0, 50.0, 1.0, 45.20833206176758
0.0, 127.0, 0.0, 0.0, 0.0, 0.0, 0.0, 105.0, 0.0, 0.0, -0.9375, 0.0, 0.0, 0.0, 0.0, 0.0, -0.8333333134651184, 0.0, 50.0, 1.0, 45.25
0.0, 0.0, 0.0, 0.0, 0.0, 0.0, 0.0, 0.0, 64.0, 0.0, 0.0, 0.0, 0.0, 0.0, 0.0, 0.0, 0.0, -0.46875, 50.0, 1.0, 45.33333206176758
58.0, 0.0, 0.0, 0.0, 0.0, 0.0, 0.0, 0.0, 58.0, -0.5729166865348816, 0.0, 0.0, 0.0, 0.0, 0.0, 0.0, 0.0, -0.3645833432674408, 50.0, 1.0, 45.41666793823242
0.0, 10.0, 0.0, 0.0, 0.0, 0.0, 0.0, 0.0, 0.0, 0.0, -0.7291666865348816, 0.0, 0.0, 0.0, 0.0, 0.0, 0.0, 0.0, 50.0, 1.0, 45.45833206176758
65.0, 0.0, 0.0, 0.0, 0.0, 0.0, 0.0, 0.0, 48.0, -0.7291666865348816, 0.0, 0.0, 0.0, 0.0, 0.0, 0.0, 0.0, -0.2604166567325592, 50.0, 1.0, 45.5
0.0, 0.0, 0.0, 0.0, 0.0, 0.0, 127.0, 0.0, 0.0, 0.0, 0.0, 0.0, 0.0, 0.0, 0.0, -0.5208333134651184, 0.0, 0.0, 50.0, 1.0, 45.54166793823242
0.0, 0.0, 0.0, 0.0, 0.0, 0.0, 0.0, 0.0, 57.0, 0.0, 0.0, 0.0, 0.0, 0.0, 0.0, 0.0, 0.0, -0.3645833432674408, 50.0, 1.0, 45.58333206176758
57.0, 0.0, 0.0, 0.0, 0.0, 0.0, 0.0, 0.0, 0.0, -0.46875, 0.0, 0.0, 0.0, 0.0, 0.0, 0.0, 0.0, 0.0, 50.0, 1.0, 45.625
0.0, 0.0, 0.0, 0.0, 0.0, 0.0, 127.0, 0.0, 52.0, 0.0, 0.0, 0.0, 0.0, 0.0, 0.0, -0.5729166865348816, 0.0, -0.5729166865348816, 50.0, 1.0, 45.66666793823242
79.0, 0.0, 0.0, 0.0, 0.0, 0.0, 0.0, 0.0, 79.0, -0.6770833134651184, 0.0, 0.0, 0.0, 0.0, 0.0, 0.0, 0.0, -0.78125, 50.0, 1.0, 45.75
0.0, 0.0, 0.0, 0.0, 127.0, 0.0, 0.0, 0.0, 0.0, 0.0, 0.0, 0.0, 0.0, 0.9895833134651184, 0.0, 0.0, 0.0, 0.0, 50.0, 1.0, 45.8125
0.0, 0.0, 0.0, 0.0, 127.0, 0.0, 0.0, 0.0, 0.0, 0.0, 0.0, 0.0, 0.0, 0.2604166567325592, 0.0, 0.0, 0.0, 0.0, 50.0, 1.0, 45.83333206176758
113.0, 0.0, 0.0, 0.0, 0.0, 0.0, 0.0, 87.0, 0.0, -0.9375, 0.0, 0.0, 0.0, 0.0, 0.0, 0.0, -0.6770833134651184, 0.0, 50.0, 1.0, 45.91666793823242
